Категория;Наименование;Производитель;Модель;Цена;Количество
Мультипак;MP002 (4x100 Nissan, Subaru);Alutec;8 гаек D2, 2 кольца Z02;322192.00;3
Мультипак;MP004 (4x100 VW, Seat, Skoda);Alutec;8 болтов R15,2 кольца Z03;322192.00;2
Мультипак;MP005a (4x100 Fiat Grande Punto(Typ 199);Alutec;8 болтов R06,2 кольца Z04;322192.00;4
Мультипак;MP005 (4x100 Opel, Daewoo);Alutec;8 болтов R07,2 кольца Z04;322192.00;2
Мультипак;MP005 (4x100 Opel, Daewoo);Anzio;8 болтов R07,2 кольца Z04;322192.00;2
Мультипак;MP006 (4x100 Honda, Rover, Mitsubishi, Kia);Alutec;8 гаек D6, 2 кольца Z05;322192.00;4
Мультипак;MP008 (4x100 Hyundai,Kia,Mazda,Opel,Suzuki,Toyota);Alutec;8 гаек D6, 2 кольца Z06;322192.00;1
Мультипак;MP012 (4x108 Ford-Mazda 2);Alutec;8 гаек D6, без кольца;322192.00;4
Мультипак;MP012 (4x108 Ford-Mazda 2);Anzio;8 гаек D6, без кольца;322192.00;10
Мультипак;MP015b (4x98 Fiat Stilo);Alutec;8 болтов R01,2 кольца Z09;322192.00;10
Мультипак;MP015a (4x98 Fiat, Lancia, Alfa);Alutec;8 болтов R02,2 кольца Z09;322192.00;6
Мультипак;MP015 (4x98 Fiat, Lancia, Alfa, Seat);Alutec;8 болтов R04,2 кольца Z09;322192.00;12
Мультипак;MP018a (5x98 Alfa Romeo);Alutec;10 болтов R02, без кольца;322192.00;5
Мультипак;MP025 (4x114,3 Nissan);Alutec;8 гаек D2, 2 кольца Z11;322192.00;9
Мультипак;MP027 (4x114,3 Honda-Rover);Alutec;8 гаек D6, 2 кольца Z12;322192.00;7
Мультипак;MP033 (5x114,3 Toyota);Alutec;10 гаек D6, 2 кольца Z13;322192.00;1
Мультипак;MP033 (5x114,3 Toyota);Anzio;10 гаек D6, 2 кольца Z13;322192.00;3
Мультипак;MP035b (5x114,3 Suzuki SX4);Alutec;10 болт.R07, 2 кольца Z13;322192.00;>20
Мультипак;MP035a (5x114,3 Suzuki Vitara);Alutec;10 гаек D2, 2 кольца Z13;322192.00;12
Мультипак;MP035 (5x100 Toyota);Alutec;10 гаек D6, 2 кольца Z06;322192.00;6
Мультипак;MP035 (5x100 Toyota);Anzio;10 гаек D6, 2 кольца Z06;322192.00;8
Мультипак;MP037 (5x100 Audi-Chrysler-Skoda-Seat-VW);Alutec;10 болт.R14, 2 кольца Z03;322192.00;18
Мультипак;MP037 (5x100 Audi-Chrysler-Skoda-Seat-VW);Anzio;10 болт.R14, 2 кольца Z03;322192.00;4
Мультипак;MP043 (5x112 Mercedes);Alutec;10 болт.R15, 2 кольца Z15;322192.00;2
Мультипак;MP043 (5x112 Mercedes);Alutec;10 болт.R15, 2 кольца Z15;322192.00;>20
Мультипак;MP045 (5x112 Audi-Skoda-VW);Alutec;10 болт.R14, 2 кольца Z16;322192.00;5
Мультипак;MP045 (5x112 Audi-Skoda-VW);Anzio;10 болт.R14, 2 кольца Z16;322192.00;>20
Мультипак;MP046 (5x108 Citroen-Peugeot);Alutec;10 болт.R04, 2 кольца Z17;322192.00;12
Мультипак;MP047 (5x108 Renault);Alutec;10 болт.R14, 2 кольца Z13;322192.00;>20
Мультипак;MP051a (4x108 Citroen-Peugeot);Alutec;8 болтов R02;322192.00;11
Мультипак;MP051a (4x108 Citroen-Peugeot);Anzio;8 болтов R02;322192.00;4
Мультипак;MP053a (5x112 Audi-Mercedes);Alutec;10 болтов R10 сфера;322192.00;2
Мультипак;MP057 (LK 5x108 Volvo 850, S/V70 , 2 кольца Z 17);Alutec;2 кольца Z17;322192.00;5
Мультипак;MP061 (4x100 Suzuki, Opel);Alutec;8 гаек D02, 2 кольца Z06;322192.00;4
Мультипак;MP064a (Toyota, Lexus, Mitsubishi);Alutec;10 гаек D6;322192.00;10
Мультипак;MP064 (5x114,3 Honda, Rover Freelander);Alutec;10 гаек D6, 2 кольца Z12;322192.00;12
Мультипак;MP064 (5x114,3 Honda, Rover Freelander);Anzio;10 гаек D6, 2 кольца Z12;322192.00;4
Мультипак;MP065 (5x114,3 Nissan);Alutec;10 гаек D2, 2 кольца Z11;322192.00;11
Мультипак;MP065а (5x114,3 Subaru);Alutec;10 гаек D2, 2 кольца Z37;322192.00;8
Мультипак;MP067a (5x100 Subaru);Alutec;10 гаек D2;322192.00;8
Мультипак;MP067 (5x100 Subaru);Alutec;10 гаек D2, 2 кольца Z05;322192.00;>20
Мультипак;MP068 (5x100 Chrysler Neon, Voyager-Opel);Alutec;10 гаек D6, 2 кольца Z03;322192.00;10
Мультипак;MP072 (4 x100 Daewoo);Alutec;8 гаек D6, 2 кольца Z04;322192.00;10
Мультипак;MP074 (5 x 98, 5 x 110, 5 x 112);Alutec;10 болтов R14, без кольца;322192.00;2
Мультипак;MP073 (5 x100 Rover 75);Alutec;10 болтов R14,2кольца Z05;322192.00;2
Мультипак;MP075 (5x118-5x130 Fiat, Citroen, Peugeot, MB, VW);Alutec;10 болтов R16;322192.00;6
Мультипак;MP075a (5x108  Volvo);Alutec;10 болтов R16,2кольца Z34;322192.00;14
Мультипак;MP075b (5x108  Volvo);Alutec;2 кольца Z34;322192.00;8
Мультипак;MP075b (5x108  Volvo);Anzio;2 кольца Z34;322192.00;6
Мультипак;MP076 (5x130 Citroen, Fiat, Peugeot);Alutec;10 болтов R17;322192.00;16
Мультипак;MP077 (5x108 Volvo);Alutec;10 болт.R14, 2 кольца Z17;322192.00;10
Мультипак;MP077 (5x108 Volvo);Anzio;10 болт.R14, 2 кольца Z17;322192.00;8
Мультипак;MP078 (4x100 Kia, Subaru, Suzuki);Alutec;8 болтов R07,2 кольца Z06;322192.00;12
Мультипак;MP079а (5x108 Alfa, lancia);Alutec;10 болт.R01, 2 кольца Z35;322192.00;6
Мультипак;MP080a (5x110 Opel-Saab & 5x120 BMW);Alutec;10 болтов R07;322192.00;12
Мультипак;MP080a (5x110 Opel-Saab & 5x120 BMW);Anzio;10 болтов R07;322192.00;>20
Мультипак;MP080d (5x120 BMW);Alutec;10 болтов R18;322192.00;6
Мультипак;MP081 (5x112 Audi-Ford-Seat-Skoda-VW);Alutec;10 болт.R14, 2 кольца Z25;322192.00;4
Мультипак;MP082 (5x112 Mercedes);Alutec;10 болт.R15, 2 кольца Z24;322192.00;4
Мультипак;MP083 (5x112 Mercedes V-/S-/E-Klasse);Alutec;10 болт.R14, 2 кольца Z24;322192.00;2
Мультипак;MP084 (5x120 BMW 3er/5er/7er);Alutec;10 болт.R07, 2 кольца Z18;322192.00;11
Мультипак;MP084 (5x120 BMW 3er/5er/7er);Anzio;10 болт.R07, 2 кольца Z18;322192.00;6
Мультипак;MP084a (5x120 BMW (5D);Alutec;10 болтов R07,2кольца Z19;322192.00;8
Мультипак;MP084c (5x120 BMW 7er, 5er);Alutec;10 болтов R18,2кольца Z18;322192.00;12
Мультипак;MP084b (5x120 BMW X5 (X70);Alutec;10 болтов R18,2кольца Z19;322192.00;>20
Мультипак;MP092 (5x108 Renault);Alutec;10 болт.R14, 2 кольца Z23;322192.00;4
Мультипак;MP094 (5x114,3 Nissan, Renault);Alutec;10 гаек D2, 2 кольца Z21;322192.00;2
Мультипак;MP093 (5x114,3Mitsubishi, Mazda, Ford);Alutec;10 гаек D6, 2 кольца Z20;322192.00;2
Мультипак;MP095 (5x114,3 Honda);Alutec;10 гаек D6, 2 кольца Z22;322192.00;2
Мультипак;MP101 (5x108 Volvo 7er + 9er);Alutec;10 гаек D6, 2 кольца Z17;322192.00;6
Мультипак;MP105a (5x108 Ford S-Max/Galaxy);Alutec;10 гаек D13, 2 кольца Z34;322192.00;15
Мультипак;MP105a (5x108 Ford S-Max/Galaxy);Anzio;10 гаек D13, 2 кольца Z34;322192.00;6
Мультипак;MP105 (5x108 Ford, Jaguar, Volvo);Alutec;10 гаек D6, 2 кольца Z34;322192.00;7
Мультипак;MP107a (5x108 Ford S-Max/Galaxy);Alutec;10 гаек D13, 2 кольца Z29;322192.00;2
Мультипак;MP107 (5x108 Ford, Jaguar, Volvo);Alutec;10 гаек D6, 2 кольца Z29;322192.00;4
Мультипак;MP108a (5x108 Peugeot 607, Citroen C5, C6);Alutec;10 болт.R01, 2 кольца Z17;322192.00;2
Мультипак;MP108 (5x108 Peugeot 607);Alutec;10 болт.R02, 2 кольца Z17;322192.00;8
Мультипак;MP109 (5x108 Peugeot 607);Alutec;10 болт.R02, 2 кольца Z26;322192.00;2
Мультипак;MP109 (5x108 Peugeot 607);Alutec;10 болт.R02, 2 кольца Z26;322192.00;2
Мультипак;MP110b (Renault Megane);Alutec;10 болт R07, 2 кольца Z11;322192.00;8
Мультипак;MP110a (5x114,3 Renault Laguna);Alutec;10 болт R14, 2 кольца Z11;322192.00;12
Мультипак;MP110a (5x114,3 Renault Laguna);Anzio;10 болт R14, 2 кольца Z11;322192.00;>20
Мультипак;MP110 (5x108 Renault);Alutec;10 болт.R15, 2 кольца Z13;322192.00;4
Мультипак;MP111 (5x108 Renault);Alutec;10 болт.R15, 2 кольца Z23;322192.00;12
Мультипак;MP112 (4x114,3 Daewoo Tacuma, Rezzo, Zespi);Alutec;8 гаек D06, 2 кольца Z33;322192.00;4
Мультипак;MP115 (5x108 Volvo XC90);Alutec;2 кольца Z10;322192.00;>20
Мультипак;MP115 (5x108 Volvo XC90);Anzio;2 кольца Z10;322192.00;6
Мультипак;MP117 (5x115 Chrysler 300C);Alutec;10 гаек D13 (M14x1,5x34);322192.00;6
Мультипак;MP132а (5x139,7 Kia Sorento);Alutec;10 гаек D08;322192.00;2
Мультипак;MP133 (5x114,3 Daihatsu);Alutec;10 гаек D6, 2 кольца Z15;322192.00;4
Вставка;Вставка N 25-SCH (Cult);Alutec;dia 56;152428.00;6
Вставка;Вставка N 24-SCH (Cult);Alutec;dia 60;152428.00;4
Вставка;Вставка N 23-M-GRA (Toxic, Xplosive);Alutec;dia 60;66084.00;1
Вставка;Вставка N 23-SCH (Ecstasy, Poison);Alutec;dia 60;66084.00;13
Вставка;Вставка N 23-SWMATT (Poison);Alutec;dia 60;152428.00;2
Вставка;Вставка N 23-GRA (Grip);Alutec;dia 60;66084.00;14
Вставка;Вставка N 23-SHARK;Alutec;dia 60;152428.00;1
Вставка;Вставка N 40-SCH (Toxic);Alutec;dia 60;152428.00;4
Вставка;Вставка N 32-SWMATT  (Poison);Alutec;dia 64;152428.00;7
Вставка;Вставка N 32-SCH (Poison, Poison-Cup, Dynamite);Alutec;dia 64;152428.00;4
Вставка;Вставка N 32-M-GRA  (Xplosiv));Alutec;dia 64;152428.00;6
Вставка;Вставка N 32-GRA  (Grip);Alutec;dia 64;152428.00;8
Вставка;Вставка N 32-SIL (Grip, Poison, Blizz, Dynam, iV);Alutec;dia 64;152428.00;13
Вставка;Вставка N 37 (E);Alutec;dia 68,5;152428.00;3
Эмблема;Эмблема;Protech;MEPP4501 для P1125/P1100;5784.00;2
Эмблема;Эмблема;Protech;MEPP6005;5784.00;8
Эмблема;Эмблема;Protech;MEPP6005 P1349/P1336;5784.00;3
Разное;Кабель BA-4001;;;53137.00;>20
Разное;Клемма для аккумулятора BA-2003;;BA-2003;21559.00;>20
Разное;Клемма для аккумулятора ВА-2005;;ВА-2005;20288.00;>20
Разное;Клемма для аккумулятора зажимная (2шт);HAGEN Беларусь;МАЗ-БОЛТ;41400.00;3
Оборудование;Конвектор КОГ-5;;;1099176.00;1
Запчасти;Трос тяги ремней (к TURBO-2000 MAXIT);Delta;ZDEL-EKT/06-07-000 MAXIT;452314.00;5
Латки;Латка для камер F1, круглая 25мм;Tip Top;500-0029 F1;2110.00;2
Латки;Латка для камер Nr 1, круглая 35мм;Tip Top;500-0043 Nr 1;2638.00;>20
Латки;Латка для камер Nr 2, круглая 45мм;Tip Top;500-0050 Nr 2;4749.00;>20
Латки;Латка для камер Nr 3, круглая 54мм;Tip Top;500-0067 Nr 3;5805.00;>20
Латки;Латка для камер Nr 4, круглая 75мм;Tip Top;500-0081 Nr 4;11611.00;>20
Латки;Латка для камер Nr 6, круглая 116 мм;Tip Top;500-0122 Nr 6;23222.00;>20
Латки;Латка для камер Nr 7, овальная 74х37мм;Tip Top;500-0201 Nr 7;6333.00;>20
Латки;Латка камерная, круглая R - 25мм (уп.100шт.);Maruni;10304 R;140598.00;>20
Латки;Латка камерная, круглая S2 - 30мм (уп.100шт.);Maruni;10306 S2;200677.00;>20
Латки;Латка камерная, круглая M2 - 42мм (уп.50шт.);Maruni;10308 M2;160418.00;6
Латки;Латки овальные О1 (100 шт. в уп.);Rossvik;О1;41505.00;8
Латки;Латки овальные О2 (100 шт. в уп.);Rossvik;О2;63246.00;3
Латки;Латки овальные О3 (50 шт. в уп.);Rossvik;О3;56328.00;1
Латки;Латки овальные О4 (50 шт. в уп.);Rossvik;О4;77080.00;3
Латки;Латка камерная, круглая 40mm (уп.50шт.);Maruni;M2;160418.00;>20
Латки;Латка камерная, круглая L3 - 52мм (уп.30шт.);Maruni;10310 L3;159180.00;>20
Латки;Латка камерная, круглая Q-03 - 61мм (уп.30шт.);Maruni;10314 Q-03;270667.00;1
Латки;Латка камерная, круглая R-03 - 76мм (уп.30шт.);Maruni;10316 R-03;325791.00;1
Латки;Латка камерная, круглая R-04 - 108мм (уп.10шт.);Maruni;10318 R-04;273764.00;1
Латки;Латка камерная, овал L 33х53mm(уп.50 шт.);Maruni;L (01/02/10409);185812.00;>20
Латки;Латка камерная, овал L2 - 41х76мм (уп. 30шт.);Maruni;10411 L2;195722.00;>20
Латки;Латка камерная, овал OV-01 - 41х107mm (уп.30шт.);Maruni;10413 OV-01;229168.00;5
Латки;Латка камерная, овал OV-03 - 66х138мм (уп.10шт.);Maruni;10417 OV-03;353043.00;>20
Латки;Латка камерная, овал OV-05 - 91х159мм (уп.10шт.);Maruni;10420 OV-05;567967.00;15
Латки;Латка для шин GNR-08 - 48x68мм;Maruni;28108 GNR-08;20068.00;>20
Латки;Латка для шин GNR-10 - 56х77мм;Maruni;28110 GNR-10;20624.00;>20
Латки;Латка для шин MTC-10 X (45x65) радиальная гор.вулк;Tip Top;599-1310 MTC-10 X;15306.00;20
Латки;Латка для шин MTC-12 X (56x100) рад. для гор.вулк;Tip Top;599-1327 MTC-12 X;25861.00;20
Латки;Латка для шин GNR-14 - 82х130мм;Maruni;28114 GNR-14;45648.00;>20
Латки;Латка для шин MTC-15 X (61x71) рад. для гор.вулк;Tip Top;599-1458 MTC-15 X;23750.00;20
Латки;Латка для шин GNR-18 - 75х100мм;Maruni;28118 GNR-18;38898.00;>20
Латки;Латка для шин GNR-20 - 85х135мм;Maruni;28120 GNR-20;63795.00;>20
Латки;Латка для шин MTC-20 X (68х113) рад. для гор.вулк;Tip Top;599-1341 MTC-20 X;30084.00;>20
Латки;Латка для шин GNR-22 - 80х180мм;Maruni;28122 GNR-22;78846.00;>20
Латки;Латка для шин MTC-22 X (66х162) рад. для гор.вулк;Tip Top;599-1358 MTC-22 X;39584.00;>20
Латки;Латка для шин MTC-24 X (66х204) рад. для гор.вулк;Tip Top;599-1365 MTC-24 X;49084.00;20
Латки;Латка для шин GNR-25 - 119х133мм;Maruni;28125 GNR-25;122636.00;>20
Латки;Латка для шин MTC-25 X (104х115) рад. для гор.вулк;Tip Top;599-1413 MTC-25 X;62806.00;20
Латки;Латка для шин GNR-35 - 130х180мм;Maruni;28135 GNR-35;180487.00;>20
Латки;Латка для шин GNR-46 - 180х440мм;Maruni;28146 GNR-46;484351.00;>20
Латки;Латка для шин GNR-55 - 260х300мм;Maruni;28155 GNR-55;635479.00;>20
Латки;Латка для шин GNR-82 - 240х185мм;Maruni;28182 GNR-82;287390.00;2
Латки;Латка для шин GNR-86 - 245х340мм;Maruni;28186 GNR-86;556198.00;9
Латки;Пластырь D-5 (10 шт в уп.);Rossvik;D-5;217406.00;3
Латки;Пластырь D-6 (5 шт в уп.);Rossvik;D-6;271758.00;1
Латки;Пластырь D-20 (5 шт в уп.);Rossvik;D-20;337966.00;1
Латки;Пластырь D-21 (5 шт в уп.);Rossvik;D-21;592924.00;8
Латки;Пластырь D-30 (5 шт в уп.);Rossvik;D-30;398247.00;5
Латки;Пластырь DS-5 (10 шт в уп.);Rossvik;DS-5;227288.00;2
Латки;Пластырь DS-20 (5 шт в уп.);Rossvik;DS-20;337966.00;2
Латки;Пластырь R-10A(20 шт в уп.);Rossvik;R-10;111667.00;>20
Латки;Пластырь R-18 (10 шт в уп.);Rossvik;R-18;132420.00;1
Латки;Пластырь R-20 (10 шт в уп.);Rossvik;R-20;180842.00;>20
Латки;Пластырь R-22 (10 шт в уп.);Rossvik;R-22;214441.00;5
Латки;Пластырь R-35 (10 шт в уп.);Rossvik;R-35;441729.00;11
Латки;Пластырь R-40 (10 шт в уп.);Rossvik;R-40;360696.00;9
Латки;Пластырь RS-533 (10 шт в уп.);Rossvik;RS-533;563278.00;15
Латки;Пластырь RS-535 (10 шт в уп.);Rossvik;RS-535;716451.00;13
Латки;Пластырь RS-537 (10 шт в уп.);Rossvik;RS-537;815271.00;17
Латки;Пластырь RS-539 (10 шт в уп.);Rossvik;RS-539;928916.00;8
Латки;Латки для шин GUT-A0 - 34мм (уп. 100шт.);Maruni;28199 GUT-A0;284912.00;2
Латки;Латки для шин GUT-01 - 65мм (уп. 50шт.);Maruni;28201 GUT-01;442854.00;>20
Латки;Латки для шин GUT-02 - 78мм (уп. 50шт.);Maruni;28202 GUT-02;588406.00;19
Латки;Латка для шин UP 3, 27mm;Tip Top;512-5020;4749.00;1
Латки;Латка для шин UP 4.5, 45x45мм;Tip Top;512-5040;7389.00;>20
Латки;Латка для шин UP 6, 43mm;Tip Top;512-5060 UP 6;6861.00;>20
Латки;Латка для шин UP 8, 67x67мм;Tip Top;512-5080 UP 8;11611.00;>20
Латки;Латка для шин 110 TL, 55x75мм;Tip Top;512-1104 110 TL;19527.00;>20
Латки;Латка для шин 115 TL, 75x90мм;Tip Top;512-1159 115 TL;32722.00;20
Латки;Латка для шин 116 TL, 67x104мм;Tip Top;512-1160 116 TL;43806.00;>20
Латки;Латка для шин 120 TL, 80x125мм;Tip Top;512-1207 120 TL;61224.00;>20
Латки;Латка для шин 125 TL, 115x125мм;Tip Top;512-1252 125 TL;119808.00;>20
Латки;Латка для шин 140 TL, 100x195мм;Tip Top;512-1403 140 TL;149892.00;10
Латки;Латка для шин 142 TL, 130x260мм;Tip Top;512-1427 142 TL;219560.00;>20
Латки;Латка для шин 175 TL, 450x503мм;Tip Top;512-1757;3161455.00;5
Латки;Латка для шин ARAMID 535 110x245мм;Tip Top;512-5352 535 TL;236449.00;>20
Латки;Латка для шин ARAMID 537 110x285мм;Tip Top;512-5376 537 TL;301894.00;13
Латки;Шнур коричневый 204мм (упак. 25шт);X-tra Seal;12-362XS;165818.00;>20
Латки;Шнур коричневый 204мм (упак. 25шт);X-tra Seal;12-362XS;175970.00;1
Латки;Шнур B-200-3 мм (50 шт. в уп.);Rossvik;B-200;57076.00;16
Латки;Жгут L-200 (25 шт. в уп.);Rossvik;L-200;72139.00;>20
Латки;Латка "GBS-05" 165 мм, диагональная;Maruni;GBS-05 (28405);120158.00;>20
Латки;Латка "GBS-08" 345 мм, диагональная;Maruni;GBS-08 (28408);509126.00;4
Латки;Латка "GBS-10" 450 мм, диагональная;Maruni;GBS-10 (28410);927824.00;5
Латки;Латка "GBT-03" 91 мм, диагональная;Maruni;GBT-03 (28303);42922.00;>20
Латки;Латка "GBT-08" 345 мм, диагональная;Maruni;GBT-08 (28308);509126.00;10
Латки;Латка "GBT-09" 390 мм, диагональная;Maruni;GBT-09 (28309);683791.00;13
Латки;Латка "GBT-10" 450 мм, диагональная;Maruni;GBT-10 (28310);874558.00;9
Латки;Латка "GBT-23" 255 мм, диагональная;Maruni;GBT-23 (01/06/28323);261996.00;2
Латки;Латка "GBT-24" 370 мм, диагональная;Maruni;GBT-24 (28324);527089.00;2
Латки;Латка "GBS-30" 250 мм, диагональная;Maruni;GBS-30 (28430);499216.00;2
Латки;Латка "GBT-40" 160 мм, диагональная;Maruni;GBT-40 (28340);166611.00;2
Латки;Латка "GBT-31" 350 мм, диагональная;Maruni;GBT-31 (28331);811382.00;5
Латки;Латка "GBS-32" 450 мм, диагональная;Maruni;GBS-32 (28432);1464823.00;3
Латки;Латка "GBT-32" 450 мм, диагональная;Maruni;GBT-32 (28332);1464823.00;4
Колышки;Колышек REMASTEM 6;Tip Top;510-1935;23222.00;>20
Колышки;Колышек REMASTEM 8;Tip Top;510-1942;29028.00;>20
Колышки;Колышек REMASTEM 10;Tip Top;510-1928;40639.00;>20
Колышки;Колышек REMASTEM 12;Tip Top;510-1959;49084.00;>20
Колышки;Колышек STEM 7мм (уп. 30шт.);Maruni;20907 SM-07;430466.00;14
Колышки;Колышек STEM 10мм (уп. 20шт.);Maruni;20910 SM-10;370387.00;>20
Колышки;Колышек STEM 15мм (уп. 10шт.);Maruni;20915 SM-15;291106.00;>20
Колышки;Грибки Г-7-2 (30 шт. в уп.);Rossvik;Г-7-2;124514.00;>20
Колышки;Грибки Г-7-3 (30 шт. в уп.);Rossvik;Г-7-3;151195.00;>20
Колышки;Грибки Г-9-2 (15 шт. в уп.);Rossvik;Г-9-2;77080.00;12
Колышки;Ножка грибка N-9 (25 шт.);Rossvik;N-9;128467.00;>20
Колышки;Ножка грибка N-12 (15 шт.);Rossvik;N-12;86962.00;>20
Колышки;Ножка грибка N-15 (15 шт.);Rossvik;N-15;136372.00;>20
Колышки;Ножка грибка N-21 (15 шт.);Rossvik;N-21;177877.00;10
Колышки;Колышек PW-3505 -4,5мм грибок Plug-Patch 35x4,5мм;Maruni;3505-PW;26106.00;>20
Колышки;Колышек PW-5609 - 9мм грибок Plug-Patch 56x9мм;Maruni;5609-PW;43107.00;>20
Колышки;Колышек PW-8012 - 12мм грибок Plug-Patch 80x12мм;Maruni;8012-PW;98067.00;>20
Химия ремонтная;Внутристоронний уплотнитель Innerl. Sealer 650 г;Tip Top;515-9004;286588.00;>20
Химия ремонтная;Внутристоронний уплотнитель Innerl. Sealer 175 г;Tip Top;515-9028;193698.00;13
Химия ремонтная;Внутристоронний уплотнитель Sealiner SL-10 1л.;Maruni;60131 Sealiner SL-10;678309.00;>20
Химия ремонтная;Воск монтажный H 5 кг;Tip Top;593-0553;577928.00;4
Химия ремонтная;Клей для камер 100мл. Valkarn;Maruni;35186 Valkarn 100;98851.00;>20
Химия ремонтная;Клей для камер 200мл. Valkarn;Maruni;35188 Valkarn 200;135921.00;>20
Химия ремонтная;Клей для ремонта камер 175 гр;Tip Top;505-0196;152002.00;>20
Химия ремонтная;Клей 200мл. Super Valkarn G (для ремонта шин);Maruni;38188 Valkarn G 200;149581.00;3
Химия ремонтная;Клей 1л. Valkarn  (для ремонта камер);Maruni;35190 Valkarn 1 000;610675.00;>20
Химия ремонтная;Клей 1л. Super Valkarn G (для ремонта шин);Maruni;38190 Valkarn G 1 000;660751.00;>20
Химия ремонтная;Клей для ремонта шин Special Cement BL 225 гр;Tip Top;515-9365;147781.00;>20
Химия ремонтная;Клей для ремонта шин Special Cement BL 650 гр.;Tip Top;515-9389;342007.00;8
Химия ремонтная;Клей для сырой резины К5 1л.;;К5;207680.00;5
Химия ремонтная;Клей для сырой резины MTR 350 гр;Tip Top;516-9207;298201.00;4
Химия ремонтная;Клей для сырой резины MTR 700 гр;Tip Top;516-9214;430675.00;>20
Химия ремонтная;Мел белый;Tip Top;595-8471;14778.00;>20
Химия ремонтная;Мел желтый;Tip Top;595-8418;27445.00;1
Химия ремонтная;Паста монтажная для грузовых колес;Tip Top;593-0515;963214.00;1
Химия ремонтная;Паста монтажная Universal 5 кг;Tip Top;593-0632;443342.00;>20
Химия ремонтная;Паста монтажная ECO WAX plus 5 кг.;;WAX-5B;280393.00;>20
Химия ремонтная;Сырая резина MTR шнур d-8мм, 12 кг;Tip Top;516-1164;4572234.00;2
Химия ремонтная;Сырая резина MTR Thermopress 1 кг;Tip Top;516-1267;696153.00;1
Химия ремонтная;Сырая резина MTR Thermopress 5 кг-3 мм;Tip Top;516-1274;2143350.00;2
Химия ремонтная;Очищающая резина для экструдера, 6 кг;;517-7420;3521935.00;2
Химия ремонтная;Концентрат для поиска мелких проколов 1 л.;Rossvik;;55340.00;3
Химия ремонтная;Термоклей 1000 гр. (банка с кистью);Rossvik;;93879.00;>20
Химия ремонтная;Термоклей 220 гр.(банка с кистью);Rossvik;;37551.00;>20
Химия ремонтная;Герметик бескамерного слоя 220 гр (банка с кистью);Rossvik;;46446.00;>20
Химия ремонтная;Герметик бескамерного слоя 1000 гр.(банка с кистью;Rossvik;;184795.00;10
Химия ремонтная;Буферный очиститель резины 220 гр.(банка с кистью);Rossvik;;29646.00;>20
Химия ремонтная;Тальк 400 гр.;Rossvik;;27669.00;>20
Химия ремонтная;Клей-активатор 225 гр. (банка с кистью);Rossvik;;29646.00;>20
Химия ремонтная;Клей-активатор 450 гр. (банка с кистью);Rossvik;;52375.00;>20
Химия ремонтная;Клей-активатор 1000 гр. (банка с кистью);Rossvik;;111667.00;>20
Химия ремонтная;Тальк для шин молотый 0,5кг;Tip Top;593-0649;126669.00;14
Химия ремонтная;Уплотнитель бортов Bead Sealer 1л;Tip Top;593-0807;203726.00;>20
Химия ремонтная;Уплотнитель бортов Bead Sealer BS-10 1л.;Maruni;60123 Bead Sealer BS-10;578155.00;>20
Химия ремонтная;Обезжириватель Liquid buffer 180мл;Maruni;60101 LB-180S;158559.00;>20
Химия ремонтная;Обезжириватель Liquid buffer 420мл;Maruni;60104 LB-500S;248432.00;2
Грузы;Груз для стандартных дисков 35г (50 шт в упаковке);Интерколор;А-35;162480.00;>20
Грузы;Груз для стандартных дисков 70г (25 шт в упаковке);Интерколор;А-70;159462.00;>20
Грузы;Груз для стандартных дисков 10г (100 шт в упак);Интерколор;А-010;129862.00;>20
Грузы;Груз для стандартных дисков 100г ( 25 шт в упак);Интерколор;А-100;210804.00;>20
Грузы;Груз для стандартных дисков STD 5гр. (уп. 100шт);Tiptopol;TPSTD-005;106086.00;>20
Грузы;Груз для стандартных дисков STD 15гр. (уп.100шт);Tiptopol;TPSTD-015;200031.00;4
Грузы;Груз для стандартных дисков STD 20гр. (уп.100шт);Tiptopol;TPSTD-020;272866.00;18
Грузы;Груз для стандартных дисков STD 25гр. (уп.100шт);Tiptopol;TPSTD-025;327229.00;>20
Грузы;Груз для стандартных дисков STD 30гр. (уп.100шт);Tiptopol;TPSTD-030;377896.00;>20
Грузы;Груз для стандартных дисков STD 35гр. (уп.100шт);Tiptopol;TPSTD-035;439120.00;>20
Грузы;Груз для стандартных дисков STD 40гр. (уп.100шт);Tiptopol;TPSTD-040;500871.00;>20
Грузы;Груз для стандартных дисков STD 45гр. (уп.100шт);Tiptopol;TPSTD-045;549428.00;>20
Грузы;Груз для стандартных дисков STD 50гр. (уп.50шт);Tiptopol;TPSTD-050;314034.00;>20
Грузы;Груз для стандартных дисков STD 55гр. (уп.50шт);Tiptopol;TPSTD-055;340951.00;>20
Грузы;Груз для стандартных дисков STD 60гр. (уп.50шт);Tiptopol;TPSTD-060;366285.00;>20
Грузы;Груз для стандартных дисков STD 80гр. (уп.50шт);Tiptopol;TPSTD-080;560511.00;>20
Грузы;Груз для стандартных дисков STD 90гр. (уп.50шт);Tiptopol;TPSTD-090;619096.00;18
Грузы;Грузы для легкоспл. дисков 35г (50 шт в упаковке);Интерколор;В-35;164294.00;3
Грузы;Грузик для легкоспл. дисков ALU 5гр. (уп.100шт);Tiptopol;TPALU-005;107140.00;>20
Грузы;Грузик для легкоспл. дисков ALU 10гр. (уп.100шт);Tiptopol;TPALU-010;160447.00;>20
Грузы;Грузик для легкоспл. дисков ALU 15гр. (уп.100шт);Tiptopol;TPALU-015;211116.00;>20
Грузы;Грузик для легкоспл. дисков ALU 20гр. (уп.100шт);Tiptopol;TPALU-020;259671.00;>20
Грузы;Грузик для легкоспл. дисков ALU 25гр. (уп.100шт);Tiptopol;TPALU-025;318784.00;>20
Грузы;Грузик для легкоспл. дисков ALU 30гр. (уп.100шт);Tiptopol;TPALU-030;372091.00;>20
Грузы;Грузик для легкоспл. дисков ALU 35гр. (уп.100шт);Tiptopol;TPALU-035;421702.00;3
Грузы;Грузик для легкоспл. дисков ALU 40гр. (уп.100шт);Tiptopol;TPALU-040;469731.00;>20
Грузы;Грузик для легкоспл. дисков ALU 45гр. (уп.100шт);Tiptopol;TPALU-045;524094.00;>20
Грузы;Грузик для легкоспл. дисков ALU 50гр. (уп.50шт);Tiptopol;TPALU-050;288700.00;>20
Грузы;Грузик для легкоспл. дисков ALU 55гр. (уп.50шт);Tiptopol;TPALU-055;320367.00;>20
Грузы;Грузик для легкоспл. дисков ALU 60гр. (уп.50шт);Tiptopol;TPALU-060;343063.00;>20
Грузы;Самоклеющ. грузик легковой 4x5г+4x10г (уп.100 шт.);;TPALUSLIM;1055577.00;4
Грузы;Самокл грузик легк ALU SLIM - FE 12x5гр (уп100 шт);Tip Top;TPALU-FE-ECO;410619.00;>20
Грузы;Самокл грузик легк ALU SLIM - FE 4x5гр  4x10гр;Tiptopol;TPALU-FE-ECO2;469731.00;>20
Грузы;Самокл грузик легк ALU FE-1 60г - 12x5г(4мм) BLACK;Tiptopol;TPALU-FE1BLACK;13195.00;>20
Грузы;Самокл грузик легк ALU FE-1 60г - 12x5г(4мм) BLACK;Tiptopol;TPALU-FE1BLACK;13195.00;>20
Грузы;Груз грузовой 75г (20 шт. в упаковке);Интерколор;V-75;183621.00;>20
Грузы;Груз грузовой 150г (20 шт. в упаковке);Интерколор;V-150;298990.00;>20
Грузы;Грузик 50гр. грузовой TBL;Tiptopol;TPTBL-050;9500.00;>20
Грузы;Грузик 100гр. грузовой TBL;Tiptopol;TPTBL-100;14250.00;>20
Грузы;Грузик 200гр. грузовой TBL;Tiptopol;TPTBL-200;27445.00;>20
Грузы;Грузик 250гр. грузовой TBL;Tiptopol;TPTBL-250;33250.00;>20
Грузы;Грузик 300гр. грузовой TBL;Tiptopol;TPTBL-300;39584.00;>20
Грузы;Грузик 350гр. грузовой TBL;Tiptopol;TPTBL-350;47500.00;>20
Грузы;Самоклеющ. грузик грузовой свинц. 4х50 г 200 г.;Tiptopol;TPALUTRUCK-200;70723.00;>20
Грузы;Самоклеющ. грузик грузовой свинц. 4х50 г 200 г.;Tiptopol;TPALUTRUCK-200;70723.00;>20
Грузы;Самоклеющ. грузик грузовой 50гр.;Tiptopol;TPALUTR-050;33778.00;>20
Грузы;Порошок для балансировки EQUAL D, 170г;Tiptopol;566-0232;275769.00;9
Грузы;Порошок для балансировки EQUAL B, 285г;Tiptopol;566-0218;391092.00;17
Грузы;Порошок для балансировки EQUAL A, 340г;Tiptopol;566-0201;395479.00;15
Клапаны;Вентильный стержень корот. уп. 100 шт.;;17-490С;87457.00;>20
Клапаны;Вентильный стержень короткий  VW, Mercedes;;TX 7950024830;77035.00;>20
Клапаны;Вентильный стержень короткий  Renault;;TX 7950025400;43942.00;>20
Клапаны;Вентильный стержень короткий  Kia, Hyundai;;TX 7950025410;43942.00;>20
Клапаны;Клапан для пневматических шин TR 413 - Хром;X-tra Seal;17-413CS;8448.00;>20
Клапаны;Клапан для пневматических шин TR 414;;562-2555;4340.00;>20
Клапаны;Клапан для пневматических шин TR 414 (уп. 100 шт.);Tip Top;562-2555;476859.00;>20
Клапаны;Клапан для пневматических шин TR 414 - Хром;X-tra Seal;17-414CS;10435.00;>20
Клапаны;Клапан для пневматических шин XHP 600;X-tra Seal;17-600HP;6956.00;>20
Клапаны;Клапан для пневматических шин XHP 600;;562-2650;16818.00;>20
Клапаны;Клапан для пневматических шин TR 414- Хром;Tip Top;562-2816;10308.00;>20
Клапаны;Клапан для пневматических шин GP6;;562-3224;37975.00;>20
Клапаны;Уплотнитель для камерного вентиля (562 2768);;562 2768;1084.00;>20
Клапаны;Клапан для камеры GW4A 90град x 115 мм;;562 7464;30922.00;12
Клапаны;Клапан для пневматических шин TР-413;;562-2627;4340.00;>20
Клапаны;Клапан для камеры GW4A 90град x 95 мм;;562-7433;28753.00;4
Клапаны;Клапан для камеры GW4A 90град x 140 мм;;562-7495;33092.00;10
Клапаны;Клапан для легк. пневм. шин  42 МS;;562-2658;22785.00;2
Клапаны;Клапан для легк. пневм. шин 42 MS AL;;562-2782;30922.00;>20
Клапаны;Клапан для пневм. шин  хром.легк.;;17-525;29318.00;>20
Клапаны;Клапан для пневм. шин 32 MS ø 16mm;;562-9716;24412.00;>20
Клапаны;Клапан для пневм. шин 42 MS ø 16mm;;562-9723;26040.00;>20
Клапаны;Клапан для пневм. шин 40 MSF ø 16mm;;562-6609;43400.00;>20
Клапаны;Клапан для пневм. шин двусторонний типа "Y";;562-6647;61303.00;1
Клапаны;Клапан для пневм. шин 41 MS ø 9,7mm;;562-6805;26582.00;>20
Клапаны;Клапан для пневм. шин 58 МS - 45° ø 9,7mm;;562-6898;32550.00;>20
Клапаны;Клапан для пневм. шин 59 MS - 45° ø 9,7mm;;562-6568;28753.00;>20
Клапаны;Клапан для пневм. шин 65 MSF ø 20,5mm;;562-6946;45570.00;>20
Клапаны;Клапан для пневм. шин 70 MS - 27° ø 9,7mm ALCOA;;562-6690;34719.00;>20
Клапаны;Клапан для пневм. шин 70 MS - 27° ø 9,7mm;;562-6812;35263.00;>20
Клапаны;Клапан для пневм. шин 100 MS - 27° ø 9,7mm;;562-6850;39060.00;>20
Клапаны;Клапан для пневм. шин 119 MS ø 9,7mm;;562-6843;28753.00;>20
Клапаны;Переходник вентиля EM (20/14/REDUKCJA);;20/14/REDUKCJA;42736.00;12
Клапаны;Клапан для пневм. шин  89 МS 90 град.;;562-9730;35263.00;>20
Колпачки;Колпачек пластм. черный (уп. 100 шт.);Tiptopol;562-0296;15732.00;1
Колпачки;Колпачек пластм. красный (уп. 100 шт.);Tiptopol;562-0306;15189.00;16
Колпачки;Колпачек пластм. зеленый (уп. 100 шт.);Tiptopol;562-0313;15732.00;10
Колпачки;Колпачек пластм. черный (уп. 100 шт.);;17-492;13914.00;>20
Колпачки;Колпачек для грузовой гайки (32-33мм);;561-2650;10308.00;>20
Удлинители;Удлинитель вентильный изогн. 135° 1 1/8;;17-563-2;25342.00;>20
Удлинители;Удлинитель вентильный пласт. 115мм;X-tra Seal;20/18/EXT115P;6956.00;>20
Удлинители;Удлинитель вентильный резиновый 270мм;;20/18/EXT270R;36771.00;>20
Удлинители;Удлинитель вентильный изогн. 135° латунь;;20/32/WG 135;30511.00;>20
Удлинители;Держатель удлинителя одинарный;;562-4199;13020.00;1
Удлинители;Удлинитель вентильный (рез) 210мм;;562-4278;25497.00;>20
Удлинители;Удлинитель вентильный (рез) 270мм;;562-4285;39060.00;>20
Удлинители;Удлинитель вентильный изогн. VG 8/45;;562-4333;27124.00;>20
Удлинители;Удлинитель вентильный пласт. 115мм;;562-4560;7052.00;8
Удлинители;Удлинитель вентильный пласт. 150мм;;562-4577;8137.00;>20
Удлинители;Удлинитель вентильный пласт. 170мм;;562-4584;8679.00;>20
Удлинители;Держатель удлинителя одинарный;;6-20/15/PRHD01;13914.00;>20
Клапаны;Клапан для пневм. шин TR 414;Protech;MVG02;3224.00;>20
Инструмент;Нож R1 "U" (3-6мм) (уп. 20 шт.) ширина нарезки 2мм;X-tra Seal;14-471;348074.00;1
Инструмент;Нож C1 "V" (3-5мм)(уп. 20 шт.)  ширина нарезки 2мм;X-tra Seal;14-471S;348074.00;2
Инструмент;Нож R5 "U"(11-18мм) (уп. 20 шт) ширина нарезки 9мм;X-tra Seal;14-475;348074.00;16
Инструмент;Нож C5 "V" (12-17мм)(уп. 20 шт)ширина нарезки 10мм;X-tra Seal;14-475S;348074.00;19
Инструмент;Кисть для монтажной пасты 40 мм;X-tra Seal;14-712;145030.00;11
Инструмент;Манометр "R";;50/04/1230;197712.00;6
Инструмент;Наконечник разъемн. 1/2";;50/18/514T-1/2;64028.00;9
Инструмент;Выравнивающая подушка большая;Tip Top;517-1989;1188052.00;4
Инструмент;Держатель труб RH 1200/2 - 1";Tip Top;519-2638;1734841.00;>20
Инструмент;Нарезатель резьбы четвертной;Tip Top;562-8030;627013.00;4
Инструмент;Пистолет для накачки колес (12 bar.);Tip Top;PNPCLAFG-1H081;2077376.00;>20
Инструмент;Наконечник подкачки сдвоенный (PNPCLC01-A03);;PNPCLC01-A03;321951.00;>20
Инструмент;Емкость пластиковая 10,4 л;;99-LF 322 PP;426874.00;>20
Инструмент;Адаптер зажимной короткий;X-tra Seal;14-324S;26589.00;11
Инструмент;Адаптер зажимной NV-11, отверстие 10мм;;519-6593;478388.00;3
Инструмент;Адаптер зажимной NV-11, 3/8"-24;;519-6610;370507.00;6
Инструмент;Адаптер зажимной NV-11, 3/8"-24, 21мм длина резьбы;;519-6627;304850.00;2
Инструмент;Адаптер зажимной NV-11, отверстие 6мм;;519-6672;561567.00;3
Инструмент;Адаптер зажимной NV-11, отверстие 8мм;;519-6689;561567.00;6
Инструмент;Быстросъемное соединение 1/2F;;50/14/501СЕЕ-1/2;108829.00;3
Инструмент;Быстросъемное соединение PCL 6 мм;;50/15/AC7106;176492.00;2
Инструмент;Быстросъемное соединение 10 мм;;PNS10;114002.00;>20
Инструмент;Быстросъемное соединение  1/2" внутренняя резьба;;PNS12W;111891.00;11
Инструмент;Быстросъемное соединение  1/2" наружная резьба;;PNS12Z;109779.00;>20
Инструмент;Вводное шило (коротк.);X-tra Seal;14-216;60429.00;16
Инструмент;Вводное шило (грузовое);X-tra Seal;14-238;84601.00;2
Инструмент;Вводное шило (грузовое);X-tra Seal;14-238;84601.00;11
Инструмент;Вороток "Т" -1" длина 760 мм;;35/11/69755050;1019425.00;19
Инструмент;Вороток "L"  3/4" длина 450 мм;;35/11/69764050;364879.00;4
Инструмент;Втягиватель вентилей пластм.;X-tra Seal;17-606Р;47860.00;19
Инструмент;Втягиватель колышков Minikombi;Tip Top;511-1808;31666.00;13
Инструмент;Головка ударная 17мм -1/2" длина 38мм;;35/05/17/60520017;56708.00;20
Инструмент;Головка ударная 17мм -3/4" длина 50мм;;35/05/17/60540017;148532.00;2
Инструмент;Головка ударная 19мм -1/2" длина 38мм;;35/05/19/60520019;55002.00;5
Инструмент;Головка ударная 19мм -3/4" длина 50мм;;35/05/19/60540019;155302.00;2
Инструмент;Головка ударная 21мм-1/2" длина 38мм;;35/05/21/60520021;59119.00;3
Инструмент;Головка ударная 21мм -3/4" длина 50мм;;35/05/21/60540021;151474.00;10
Инструмент;Головка ударная 22мм-1/2" длина 38мм;;35/05/22/60520022;51416.00;8
Инструмент;Головка ударная 24мм-1/2" длина 45мм;;35/05/24/60520024;181578.00;8
Инструмент;Головка ударная 27мм-1/2" длина 50мм.;;35/05/27/60520027;80102.00;6
Инструмент;Головка ударная 1" 41мм. длинн. 67 мм;;35/05/41/60550041;266984.00;11
Инструмент;Головка ударная защищенная 22мм-1/2" ALU 85мм;;35/05/22/61126022;142970.00;10
Инструмент;Головка ударная удлиненная 17 мм-1/2" длина 78мм;;35/05/17/60522017;92409.00;10
Инструмент;Головка ударная удлиненная 18мм-1/2" длина 78 мм;;35/05/18/60522018;93946.00;6
Инструмент;Головка ударная удлиненная 21мм-1/2" длина 78мм;;35/05/21/60522021;93946.00;7
Инструмент;Головка ударная удлиненная 22мм-1/2" длина 78мм;;35/05/22/60522022;96037.00;11
Инструмент;Головка ударная удлиненная 24мм-1/2" длина 78мм;;35/05/24/60522024;186837.00;4
Инструмент;Головка ударная удлиненная 27мм-3/4" длина 95мм;;35/05/27/60542027;242727.00;11
Инструмент;Головка ударная удлиненная 27мм -1" длина 100мм;;35/05/27/60552027;311146.00;7
Инструмент;Головка ударная удлиненная 30мм-3/4" длина 95мм;;35/05/30/60542030;104920.00;4
Инструмент;Головка ударная удлиненная 30 мм -1" длина 100мм;;35/05/30/60552030;355803.00;9
Инструмент;Головка ударная удлиненная 32 мм -1" длина 100мм;;35/05/32/60552032;355803.00;4
Инструмент;Головка ударная удлиненная 36 мм -1" длина 100мм;;35/05/36/60552036;355803.00;5
Инструмент;Головка ударная удлиненная 38 мм -1" длина 100мм;;35/05/38/60552038;355803.00;3
Инструмент;Головка ударная удлиненная 41 мм -1" длина 100мм;;35/05/41/60552041;380322.00;4
Инструмент;Держатель ножа для нарезки протектора;Tip Top;564-0953;1300999.00;3
Инструмент;Кисть с крышкой;X-tra Seal;14-381B;53324.00;>20
Инструмент;Кисть для клея 250 мл;Tip Top;595-8353;30084.00;12
Инструмент;Кисть для монтажной пасты ø 3см - 23см;Tiptopol;593-0580;81807.00;12
Инструмент;Клещи балансировочные для грузовых колес;;40/03/CIEZAR;459391.00;4
Инструмент;Ключ крестовой (17 х 19 х 22 х 1/2");Tip Top;840-0073X;322478.00;8
Инструмент;Ключ пневматический 3/4";;CP7763;15601436.00;2
Инструмент;Колпачковый резец (Ø 30 мм.);Tip Top;595-4326;3842830.00;7
Инструмент;Комплект манометров для обслуживания систем кондиц;;TX13.032;5172330.00;1
Инструмент;Контурный сегмент для нарезки части шины алюмин.;Tip Top;517-3970;5953458.00;1
Инструмент;Контурный сегмент 230х150;;517-3963;2262103.00;1
Инструмент;Контурный сегмент 210х140 для внутренней части;;517-3987;2666389.00;1
Инструмент;Контурный сегмент 275/70х22,5;;517-4003;2811003.00;1
Инструмент;Корпус ударного механизма KW-19НР;;0119М82;741890.00;3
Инструмент;Лампа УФ 50W/12V;;TX55.008;3145621.00;1
Инструмент;Латунная щетка;Tip Top;595-4553;241726.00;12
Инструмент;Манометр "А";;50/04/1235;197712.00;14
Инструмент;Манометр PCL 12 bar;Tip Top;PNPCLDPG-1H03;1098856.00;>20
Инструмент;Монтировка монтажная 600 мм;X-tra Seal;14-931-600;426391.00;8
Инструмент;Монтировка монтажная 500 для легковых колес;Tip Top;840-0444Х;379479.00;2
Инструмент;Монтировка монтажная 600 мм;;840-0482;544677.00;1
Инструмент;Наконечник на шланг 8мм 1/4 М;;50/11/018М-08-1/4;14250.00;17
Инструмент;Наконечник на шланг 8мм 3/8 М;;50/11/018М-08-3/8;13195.00;>20
Инструмент;Наконечник на шланг 10мм 1/4 М;;50/11/018М-10-1/4;15218.00;10
Инструмент;Наконечник на шланг 10мм 3/8 М;;50/11/018М-10-3/8;14778.00;>20
Инструмент;Наконечник разъемн. на шланг 6мм.;;50/11/С/06;15456.00;9
Инструмент;Наконечник разъемн. на шланг 8мм.;;50/11/С/08;23222.00;9
Инструмент;Наконечник разъемн. на шланг 6мм.;;50/16/18/WTYCZKA06M;25218.00;17
Инструмент;Наконечник разъемн. на шланг 8мм.;;50/16/18/WTYCZKA08M;29199.00;18
Инструмент;Наконечник разъемн. 3/8";;50/18/514T-3/8;24424.00;3
Инструмент;Наконечник для подкачки воздуха 8 мм - WONDER;;562-5095;48556.00;>20
Инструмент;Наконечник разъемн. на шланг 10 мм.;;PNKR10;21639.00;>20
Инструмент;Наконечник для подкачки воздуха PCL;;PNPCLC02-H03;285006.00;7
Инструмент;Насадка спиральная 8 мм;Tip Top;595-4560;195810.00;4
Инструмент;Нож гибкий;;14-305E;95236.00;2
Инструмент;Нож C4 "V" (10-14мм)(уп. 20 шт) ширина нарезки 8мм;;14-474S;348074.00;1
Инструмент;Нож C5 "V" (12-17мм) ширина нарезки 10мм(уп.20шт.);;40/08/C5;186571.00;3
Инструмент;Нож гибкий;X-tra Seal;DEXTER 14-305;287161.00;1
Инструмент;Отворачиватель  вентилей;;17-174;6768.00;2
Инструмент;Отворачиватель для вентилей;;20/20/17-174;23932.00;10
Инструмент;Отворачиватель для вентилей двухсторонний;X-tra Seal;5-17-172;8702.00;16
Инструмент;Отворачиватель для вентилей двухсторонний ЕМ;;562-8092;9500.00;>20
Инструмент;Отворачиватель для вентилей двухсторонний;Tip Top;562-8102;5805.00;1
Инструмент;Переходник 3/4"F х 1"M;;35/09/64041100;177849.00;2
Инструмент;Пистолет для обдува;;50/03/1110;191610.00;1
Инструмент;Пистолет для накачки воздухом 0-12 bar -D;Tip Top;519-9356;1880511.00;>20
Инструмент;Пленка;Tip Top;517-1972;811210.00;1
Инструмент;Пленка;Tip Top;517-1972;700903.00;>20
Инструмент;Прикаточный ролик 3мм/37мм;;14-314;59946.00;1
Инструмент;Прикаточный ролик широкий 12 мм;;595-1123;233810.00;1
Инструмент;Прикаточный ролик 4мм/35мм;;596-1027;53306.00;>20
Инструмент;Пылесос пневматический;Tiptopol;519-0057;535178.00;10
Инструмент;Рашпиль 6,5 EM;Tip Top;595-8944;526206.00;18
Инструмент;Скребок для снятия самоклеящихся груз.;;565-4468;38528.00;7
Инструмент;Тележка платформенная 1BRS 1060-225 400;;;3714200.00;7
Инструмент;Удлинитель - 1/2"длина 150 мм;;35/10/64521150;104366.00;14
Инструмент;Удлинитель - 1" длина 250 мм;;35/10/64551250;313682.00;12
Инструмент;Фреза малообаротная 4,5мм;;595-5019;2135433.00;2
Инструмент;Шероховальный круг CW-76х32 зерно 36;;45/12/CW-76X32;1749171.00;1
Инструмент;Щетка веерная 80;Tip Top;594-0830;184725.00;1
Аксессуары;Ключ для пластиковых колпачков;Bimecc;E70001;13818.00;>20
Аксессуары;Пластиковый колпачок для болта;Bimecc;B70001;7485.00;>20
Аксессуары;Пластиковый колпачок для болта;Bimecc;B70002;7485.00;>20
Аксессуары;Пластиковый колпачок для болта;Bimecc;B70003;7485.00;>20
Аксессуары;Блистер 20 колпачков на болты;Bimecc;BV17-000;201519.00;>20
Аксессуары;Блистер 20 колпачков на болты;Bimecc;BV19-000;201519.00;>20
Аксессуары;Блистер 20 колпачков на болты;Bimecc;BV21-000;201519.00;>20
Аксессуары;Блистер 20 колпачков на болты;Bimecc;BV19-000CR;456928.00;5
Аксессуары;Блистер 20 колпачков на болты;Bimecc;BV21-000CR;456928.00;1
Кольца;60,1 x 52,1;Bimecc;Z1363 (OCHRE);15681.00;>20
Кольца;60,1 x 54,1;Bimecc;Z1337 (LIGHT GREY);15681.00;>20
Кольца;60,1 x 56,1;Bimecc;Z1336 (BEIGE);15681.00;>20
Кольца;60,1 x 56,6;Bimecc;Z1358 (WHITE);15681.00;>20
Кольца;60,1 x 57,1;Bimecc;Z1359 (DARK GREY);15681.00;>20
Кольца;60,1 x 58,1;Bimecc;Z1370 (ORANGE);15681.00;>20
Кольца;60,1 x 59,1;Bimecc;Z1412 (BLACK);15681.00;>20
Кольца;63,3 x 54,1;Bimecc;AP633541U (BLACK);16696.00;>20
Кольца;63,3 x 56,1;Bimecc;AP633561U (AVORY);16696.00;>20
Кольца;63,3 x 56,6;Bimecc;AP633566U (GREEN);16696.00;>20
Кольца;63,3 x 58,1;Bimecc;AP633581U (RED);16696.00;>20
Кольца;63,3 x 58,6;Bimecc;AP633586U (SILVER);15681.00;>20
Кольца;63,3 x 59,2;Bimecc;AP633592U (TRANSPARENT);15681.00;>20
Кольца;64,0 x 57,1;Bimecc;AP640571 (BEIGE);15681.00;>20
Кольца;65,1 x 60,1;Bimecc;AP651601 (BLUE);15681.00;>20
Кольца;65,1 x 63,4;Bimecc;AP651634 (RED);15681.00;>20
Кольца;66,6 x 56,1;Bimecc;AP666561 (DARK GREY);15681.00;>20
Кольца;66,6 x 56,6;Bimecc;AP666566 (LIGHT BLUE);15681.00;>20
Кольца;66,6 x 57,1;Bimecc;AP666571 (RED);15681.00;>20
Кольца;66,6 x 63,3;Bimecc;AP666633 (RED);15681.00;>20
Кольца;66,6 x 65,1;Bimecc;AP666651 (LIGHT GREEN);15681.00;>20
Кольца;67,1 x 54,1;Bimecc;AP671541 (BEIGE);15681.00;>20
Кольца;67,1 x 56,1;Bimecc;AP671561 (LIGHT BLUE);15681.00;>20
Кольца;67,1 x 56,6;Bimecc;AP671566 (BLUE);15681.00;>20
Кольца;67,1 x 57,1;Bimecc;AP671571 (BROWN);15681.00;>20
Кольца;67,1 x 58,1;Bimecc;AP671581 (BRIGHT YELLOW);15681.00;>20
Кольца;67,1 x 58,1;Bimecc;AP671581 (YELLOW);15681.00;>20
Кольца;67,0 x 58,6;Bimecc;AP670586 (IVORY);15681.00;>20
Кольца;67,1 x 59,1;Bimecc;AP671591 (ORANGE);15681.00;>20
Кольца;67,1 x 60,1;Bimecc;AP671601 (GREEN);15681.00;>20
Кольца;67,1 x 63,4;Bimecc;AP671634 (BLACK);15681.00;>20
Кольца;67,1 x 64,1;Bimecc;AP671641 (LILAC);15681.00;>20
Кольца;67,1 x 65,1;Bimecc;AP671651 (GREY);15681.00;>20
Кольца;67,1 x 65,1;Bimecc;AP671651 (LIGHT GREY);15681.00;8
Кольца;67,1 x 66,1;Bimecc;AP671661 (BLACK);15681.00;>20
Кольца;70,01 x 56,1;Bimecc;AP700561U (BLACK);15681.00;>20
Кольца;70,1 x 56,1;Bimecc;Z1618 (Blue);15681.00;>20
Кольца;70,01 x 56,6;Bimecc;AP700566U (RED);15681.00;>20
Кольца;70,1 x 56,6;Bimecc;Z1345 (MINT);15681.00;>20
Кольца;70,01 x 57,1;Bimecc;AP700571U (PINK);15681.00;>20
Кольца;70,1 x 57,1;Bimecc;Z1411 (SANDY);16696.00;>20
Кольца;70,01 x 58,1;Bimecc;AP700581U (BLACK);15681.00;>20
Кольца;70,1 x 58,1;Bimecc;Z1380 (PINK);15681.00;>20
Кольца;70,1 x 59,6;Bimecc;Z1339 (BLUE);15681.00;>20
Кольца;70,01 x 60,1;Bimecc;AP700601U (ORANGE);15681.00;>20
Кольца;70,1 x 60,1;Bimecc;Z1418 (YELLOW);16696.00;>20
Кольца;70,01 x 63,3;Bimecc;AP700634U (BLACK);15681.00;>20
Кольца;70,1 x 63,4;Bimecc;Z1341 (BROWN);16696.00;>20
Кольца;70,1 x 64,1;Bimecc;Z1340 (RED);16696.00;>20
Кольца;70,01 x 64,2;Bimecc;AP700642U (LIGHT BROWN);15681.00;>20
Кольца;70,01 x 65,1;Bimecc;AP700651U (TURQUOISE);15681.00;>20
Кольца;70,1 x 65,1;Bimecc;Z1617 (VIOLETT);16696.00;>20
Кольца;70,1 x 66,1;Bimecc;Z1410 (BEIGE);16696.00;>20
Кольца;70,01 x 66,2;Bimecc;AP700662U (PISTACHIO GRE);15681.00;>20
Кольца;70,1 x 66,4;Bimecc;Z1462A (DARK BLUE);15681.00;>20
Кольца;70,01 x 66,6;Bimecc;AP700666U (VIOLET);15681.00;>20
Кольца;70,1 x 66,6;Bimecc;Z1462 (SILVER);16696.00;>20
Кольца;70,01 x 67,1;Bimecc;AP700671U (BROWN);15681.00;10
Кольца;70,1 x 67,1;Bimecc;Z1342 (DARK BROWN);16696.00;>20
Кольца;70,1 x 69,1;Bimecc;Z1350 (KIWI);15681.00;>20
Кольца;71,6 x 56,6;Bimecc;Z1756 (ORANGE);15681.00;>20
Кольца;71,6 x 60,1;Bimecc;Z1760 (YELLOW);15681.00;>20
Кольца;71,6 x 64,1;Bimecc;Z1764 (GREEN);15681.00;>20
Кольца;71,6 x 66,1;Bimecc;Z1766 (BROWN);15681.00;>20
Кольца;71,6 x 66,6;Bimecc;Z1765 (BLUE);15681.00;>20
Кольца;71,6 x 67,1;Bimecc;Z1767 (BLACK);15681.00;>20
Кольца;71,6 x 70,3;Bimecc;Z1770 (WHITE);15681.00;>20
Кольца;71,6 x 70,6;Bimecc;Z1771 (SILVER);15681.00;>20
Кольца;72,0 x 52,0;Bimecc;AP72520 (WHITE);15681.00;>20
Кольца;72,0 x 54,0;Bimecc;AP72540 (LIGHT GREY);15681.00;>20
Кольца;72,6 x 54,1;Bimecc;AP726541 (BLACK);15681.00;>20
Кольца;72,0 x 56,1;Bimecc;AP72561 (DARK GREY);15681.00;>20
Кольца;72,6 x 56,1;Bimecc;AP726561 (BLUE);15681.00;>20
Кольца;72,0 x 56,1;TSR;I;8247.00;1
Кольца;72,0 x 56,6;Bimecc;AP72566 (LIGHT BLUE);15681.00;>20
Кольца;72,6 x 56,6;Bimecc;AP726566 (GREY);15681.00;>20
Кольца;72,0 x 57,1;Bimecc;AP72571 (BLUE);15681.00;>20
Кольца;72,6 x 57,1;Bimecc;AP726571 (ROSE);15681.00;>20
Кольца;72,0 x 58,1;Bimecc;AP72581 (DARK BLUE);15681.00;>20
Кольца;72,6 x 58,1;Bimecc;AP726581 (ORANGE);15681.00;>20
Кольца;72,0 x 58,6;Bimecc;AP72586 (LIGHT GREEN);15681.00;>20
Кольца;72,0 x 59,1;Bimecc;AP72591 (GREEN);15681.00;>20
Кольца;72,0 x 59,6;Bimecc;AP72596 (DARK GREEN);15681.00;>20
Кольца;72,0 x 60,1;Bimecc;AP72601 (BLACK);15681.00;>20
Кольца;72,6 x 60,1;Bimecc;AP726601 (BLUE);15681.00;>20
Кольца;72,0 x 63,4;Bimecc;AP72634 (RED);15681.00;>20
Кольца;72,6 x 63,4;Bimecc;AP726634 (DARK BROWN);15681.00;>20
Кольца;72,0 x 64,1;Bimecc;AP72641 (DARK RED);15681.00;>20
Кольца;72,6 x 64,1;Bimecc;AP726641 (BRIGHT BLUE);15681.00;>20
Кольца;72,0 x 65,1;Bimecc;AP72651 (BRIGHT YELLOW);15681.00;>20
Кольца;72,6 x 65,1;Bimecc;AP726651 (YELLOW);15681.00;>20
Кольца;72,0 x 66,1;Bimecc;AP72661 (PISTACHIO GREEN);15681.00;>20
Кольца;72,6 x 66,1;Bimecc;AP726661 (LILA);15681.00;>20
Кольца;72,6 x 66,45;Bimecc;AP726665A (DARK YELLOW);15681.00;>20
Кольца;72,0 x 66,6;Bimecc;AP72666 (RED);15681.00;>20
Кольца;72,6 x 67,1;Bimecc;AP726671 (RED CHERRY);15681.00;>20
Кольца;72,0 x 67,1;Bimecc;AP72671 (BEIGE);15681.00;>20
Кольца;73,0 x 52,1;Bimecc;AP730521 (DARK GREEN);15681.00;>20
Кольца;73,1 x 54,1;Bimecc;AP731541 (DARK GREY);15681.00;>20
Кольца;73,2 x 54,1;Protech;MKA7323;10928.00;>20
Кольца;73,1 x 56,1;Bimecc;AP731561 (NATURAL);15681.00;>20
Кольца;73,1 x 56,1;Protech;MKA7324;10928.00;>20
Кольца;73,1 x 56,6;Bimecc;AP731566 (BEIGE);15681.00;>20
Кольца;73,1 x 56,6;Protech;MKA7325;10928.00;2
Кольца;73,1 x 57,1;Bimecc;AP731571 (RED);15681.00;>20
Кольца;73,1 x 58,1;Bimecc;AP731581 (WHITE);15681.00;>20
Кольца;73,1 x 58,1;Protech;MKA7306;10928.00;>20
Кольца;73,0 x 58,6;Bimecc;AP730586 (AVORY);15681.00;>20
Кольца;73,1 x 59,1;Bimecc;AP731591 (LIGHT GREY);15681.00;>20
Кольца;73,2 x 59,1;Protech;MKA7329;10928.00;3
Кольца;73,0 x 59,6;Bimecc;AP730596 (TURQUOISE);15681.00;>20
Кольца;73,1 x 60,1;Bimecc;AP731601 (DARK GREY);15681.00;>20
Кольца;73,1 x 63,4;Bimecc;AP731634 (BLACK);15681.00;>20
Кольца;73,2 x 63,4;Protech;MKA7332;10928.00;>20
Кольца;73,1 x 64,1;Bimecc;AP731641 (LIGHT BLUE);15681.00;>20
Кольца;73,2 x 64,1;Protech;MKA7333;10928.00;>20
Кольца;73,1 x 65,1;Bimecc;AP731651 (YELLOW);15681.00;>20
Кольца;73,1 x 65,1;Protech;MKA7334;10928.00;1
Кольца;73,1 x 66,1;Bimecc;AP731661 (VIOLETT);15681.00;>20
Кольца;73,1 x 66,1;Protech;MKA7335;10928.00;1
Кольца;73,1 x 66,4;Bimecc;AP731664 (DARK RED);15681.00;>20
Кольца;73,1 x 66,6;Bimecc;AP731666 (BROWN);15681.00;>20
Кольца;73,1 x 67,1;Bimecc;AP731671 (ORANGE);15681.00;>20
Кольца;73,1 x 69,1;Bimecc;AP731691 (CARAMEL);15681.00;>20
Кольца;73,1 x 70,1;Bimecc;AP731701 (GREEN);15681.00;>20
Кольца;73,1 x 70,3;Bimecc;AP731703 (BLUE);15681.00;>20
Кольца;73,1 x 70,6;Protech;MKA7319;10928.00;>20
Кольца;73,1 x 71,6;Bimecc;AP731716 (BLUE);15681.00;>20
Кольца;73,1 x 71,6;Protech;MKA7339;10928.00;1
Кольца;74,1 x 54,1;Bimecc;AP741541 (LIGHT GREY);15681.00;>20
Кольца;74,1 x 56,6;Bimecc;AP741566 (LIGHT BLUE);15681.00;>20
Кольца;74,1 x 57,1;Bimecc;AP741571 (BLUE);15681.00;>20
Кольца;74,1 x 58,1;Bimecc;AP741581 (DARK BLUE);15681.00;>20
Кольца;74,1 x 60,1;Bimecc;AP741601 (PINK);15681.00;>20
Кольца;74,1 x 64,1;Bimecc;AP741641 (RED);15681.00;>20
Кольца;74,1 x 65,1;Bimecc;AP741651 (ANTHRACITE);15681.00;>20
Кольца;74,1 x 66,2;Bimecc;AP741662 (YELLOW);15681.00;>20
Кольца;74,1 x 66,6;Bimecc;AP741666 (ORANGE);15681.00;>20
Кольца;74,1 x 67,1;Bimecc;AP741671 (BEIGE);15681.00;>20
Кольца;74,1 x 70,1;Bimecc;AP741701 (BROWN);15681.00;>20
Кольца;74,1 x 72,6;Bimecc;AP741726U (LILAC);15681.00;>20
Кольца;76,0 x 54,0;Bimecc;AP76540 (LIGHT GREY);15681.00;>20
Кольца;76,0 x 56,1;Bimecc;AP76561 (DARK GREY);15681.00;>20
Кольца;76,0 x 56,6;Bimecc;AP76566 (LIGHT BLUE);15681.00;>20
Кольца;76,0 x 57,1;Bimecc;AP76571A (PURPLE HIGH);15681.00;>20
Кольца;76,0 x 58,1;Bimecc;AP76581 (WHITE);15681.00;>20
Кольца;76,0 x 59,6;Bimecc;AP76596 (DARK GREEN);15681.00;>20
Кольца;76,0 x 60,1;Bimecc;AP76601 (IVORY);15681.00;>20
Кольца;76,0 x 63,4;Bimecc;AP76634 (RED);15681.00;>20
Кольца;76,0 x 64,1;Bimecc;AP76641 (DARK RED);15681.00;>20
Кольца;76,0 x 65,1;Bimecc;AP76651 (LIGHT YELLOW);15681.00;>20
Кольца;76,0 x 66,1;Bimecc;AP76661 (PISTACHIO GREEN);15681.00;>20
Кольца;76,0 x 67,1;Bimecc;AP76671 (BEIGE);15681.00;>20
Кольца;76,0 x 69,6;Bimecc;AP76696 (DARK BLUE);15681.00;>20
Кольца;76,0 x 70,2;Bimecc;AP76702 (GREEN);15681.00;>20
Кольца;76,0 x 71,6;Bimecc;AP76716 (DARK BROWN);15681.00;>20
Кольца;76,0 x 72,6;Bimecc;AP760726U (RED);16696.00;>20
Кольца;76,0 x 72,6;Bimecc;AP76726 (BLACK);15681.00;>20
Кольца;76,0 x 74,1;Bimecc;AP76741 (TURQUOISE);15681.00;>20
Болты;12 x 1,25 x 35;Bimecc;VPE03;36906.00;>20
Болты;12 x 1,25 x 36;Bimecc;VPE01;44475.00;>20
Болты;12 x 1,25 x 40;Bimecc;VPE03-40;69553.00;>20
Болты;12 x 1,25 x 45;Bimecc;VPE03-45;69553.00;>20
Болты;12 x 1,25 x 50;Bimecc;VPE03-50;69553.00;>20
Болты;12 x 1,5 x 35;Bimecc;PZ406-9068000;67660.00;>20
Болты;12 х 1,25 х 24;Bimecc;C19B24;20548.00;>20
Болты;12 х 1,25 x 24.5;Bimecc;A39LE;50626.00;>20
Болты;12 x 1,25 x 26;Bimecc;C17B26;19466.00;>20
Болты;12 x 1,25 x 26;Bimecc;C19B26;20548.00;20
Болты;12 x 1,25 x 28;Bimecc;B14;20548.00;>20
Болты;12 x 1,25 x 28;Bimecc;C17B28;19466.00;>20
Болты;12 х 1,25 x 29.5;Bimecc;B40LE;50626.00;>20
Болты;12 x 1,25 x 30;Bimecc;C17B30;22170.00;>20
Болты;12 х 1,25 x 32;Bimecc;B31;21630.00;>20
Болты;12 x 1,25 x 34;Bimecc;C17B34;25956.00;>20
Болты;12 x 1,25 x 36;Bimecc;C19B36;24333.00;>20
Болты;12 x 1,25 x 39;Bimecc;C19B42/39;39474.00;>20
Болты;12 x 1,25 x 42;Bimecc;C19B42;25414.00;>20
Болты;12 х 1,5 x 21;Bimecc;C17A21;17844.00;>20
Болты;12 х 1,5 x 22;Bimecc;LC17A22F;16762.00;>20
Болты;12 х 1,5 x 24;Bimecc;B27;16222.00;>20
Болты;12 х 1,5 x 24;Bimecc;C19A24;20548.00;>20
Болты;12 х 1,5 x 26;Bimecc;;16222.00;2
Болты;12 х 1,5 x 26;Bimecc;B12;16222.00;>20
Болты;12 х 1,5 x 26;Bimecc;B15;20548.00;>20
Болты;12 х 1,5 x 27;Bimecc;B48LE;50626.00;19
Болты;12 х 1,5 x 29;Bimecc;BM67;36433.00;>20
Болты;12 х 1,5 x 30;Bimecc;B30;18926.00;>20
Болты;12 х 1,5 x 35;Bimecc;C17A35;23792.00;>20
Болты;12 х 1,5 x 55;Bimecc;C17A55;32985.00;>20
Болты;12 х 1,5 x 60;Bimecc;C17A60;35689.00;>20
Болты;12 х 1,5 x 39;Bimecc;B34;25956.00;>20
Болты;12 х 1,5 x 43;Bimecc;C17A43;27037.00;>20
Болты;14 x 1,25 x 33;Bimecc;C17F33;28659.00;>20
Болты;14 x 1,25 x 50;Bimecc;C17F50;34608.00;>20
Болты;14 х 1,5 x 25;Bimecc;B46;20548.00;>20
Болты;14 х 1,5 x 27;Bimecc;C17D27;20548.00;>20
Болты;14 х 1,5 x 27;Bimecc;D39LE;67186.00;>20
Болты;14 х 1,5 x 30;Bimecc;C17D30;20548.00;>20
Болты;14 х 1,5 x 30;Bimecc;C19D30;24333.00;>20
Болты;14 х 1,5 x 35;Bimecc;C17D35;27578.00;>20
Болты;14 х 1,5 x 40;Bimecc;C17D40;27578.00;>20
Болты;14 х 1,5 x 45;Bimecc;C17D45;33525.00;>20
Болты;14 х 1,5 x 50;Bimecc;C17D50;33525.00;>20
Болты;14 х 1,5 x 55;Bimecc;C17D60/55;43057.00;>20
Болты;14 х 1,5 x 60;Bimecc;C17D60;31227.00;>20
Болты;16 х 1,5 x 33;Bimecc;2005-02-01;25956.00;>20
Болты;12 х 1,25 х 24;Bimecc;VST20B24;29808.00;>20
Болты;12 x 1,25 x 28;Bimecc;VST23B28;19466.00;7
Болты;12 x 1,25 x 28;Bimecc;VST20B28;19466.00;>20
Болты;12 х 1,25 х 30;Bimecc;VST20B50/30;33120.00;>20
Болты;12 х 1,5 х 24;Bimecc;VST20A24;18926.00;>20
Болты;12 х 1,5 x 26;Bimecc;VST23A26;19466.00;>20
Болты;12 х 1,5 х 26;Bimecc;VST20A26;18926.00;>20
Болты;12 х 1,5 х 28;Bimecc;VST20A28;21630.00;>20
Болты;14 х 1,5 х 28;Bimecc;VST20D28;20548.00;>20
Болты;14 х 1,5 x 28;Bimecc;VST23D28;20548.00;1
Болты;14 х 1,5 х 30;Bimecc;VST20D30;30754.00;>20
Болты;12 х 1,5 x 21;Bimecc;LS17A21F;16762.00;>20
Болты;12 х 1,5 x 23;Bimecc;S17A23;18926.00;>20
Болты;12 х 1,5 x 26;Bimecc;S17A26;19466.00;>20
Болты;12 х 1,5 x 28;Bimecc;S17A28;19466.00;>20
Болты;12 х 1,5 x 30;Bimecc;S17A30;19466.00;>20
Болты;12 х 1,5 x 40;Bimecc;S17A40;23252.00;>20
Болты;12 х 1,5 x 45;Bimecc;S17A45;27037.00;>20
Болты;12 х 1,5 x 50;Bimecc;S17A50;27442.00;>20
Болты;12 х 1,5 x 55;Bimecc;S17A55;31227.00;>20
Болты;12 х 1,5 x 60;Bimecc;S17A60;31227.00;>20
Болты;14 х 1,5 x 25;Bimecc;LS17D25F;18385.00;>20
Болты;14 х 1,5 x 27;Bimecc;S17D27;19466.00;>20
Болты;14 х 1,5 x 27;Bimecc;LS17D27F;18926.00;>20
Болты;14 х 1,5 x 27;Bimecc;LS17D27R14;18926.00;>20
Болты;14 х 1,5 x 27;Bimecc;LS17D27R14MB;18926.00;>20
Болты;14 х 1,5 x 30;Bimecc;S17D30;23252.00;>20
Болты;14 х 1,5 x 34;Bimecc;LS19D34F;34539.00;>20
Болты;14 х 1,5 x 34;Bimecc;LS19D34F-MW;49207.00;>20
Болты;14 х 1,5 x 35;Bimecc;S17D35-RDTT;27037.00;>20
Болты;14 х 1,5 x 37;Bimecc;PS19D37-MW;50154.00;>20
Болты;14 х 1,5 x 40;Bimecc;S17D40-RDTT;31363.00;>20
Гайки;12 x 1,25 x 23;Bimecc;D96;16762.00;>20
Гайки;1/2 UNF x 17;Bimecc;D63;15140.00;>20
Гайки;12 x 1,25 x 34;Bimecc;D2;19466.00;>20
Гайки;12 x 1,25 x 25;Bimecc;D23;15140.00;>20
Гайки;12 x 1,25 x 25;Bimecc;D24;18385.00;>20
Гайки;12 x 1,25 x 34;Bimecc;D41;25414.00;>20
Гайки;12 x 1,25 x 34;Bimecc;D91;19466.00;>20
Гайки;12 х 1,25 x 40;Bimecc;3028-99-1B;95103.00;>20
Гайки;12 x 1,5 x 16;Bimecc;DMTSB;17304.00;>20
Гайки;12 x 1,5 x 25;Bimecc;D14;15140.00;>20
Гайки;12 x 1,5 x 25;Bimecc;D21;18385.00;>20
Гайки;12 x 1,5 x 26,4;Bimecc;DF01N;34066.00;>20
Гайки;12 x 1,5 x 28,9;Bimecc;DF02N;48261.00;>20
Гайки;12 x 1,5 x 28,9;Bimecc;DV6LE;114502.00;>20
Гайки;12 x 1,5 x 34;Bimecc;D6;19466.00;>20
Гайки;12 x 1,5 x 34;Bimecc;D90;19466.00;>20
Гайки;12 х 1,5 x 40;Bimecc;3028-99-1;95103.00;>20
Гайки;14 x 1,5 x 34;Bimecc;D13;21088.00;>20
Гайки;12 х 1,25 x 37;Bimecc;DST20B;30822.00;>20
Гайки;1/2 UNF х 37;Bimecc;DST20E;34066.00;>20
Гайки;12 х 1,5 х 37;Bimecc;DST20A;30822.00;>20
Гайки;14 х 1,5 х 37;Bimecc;DST20D;27442.00;>20
Гайки;1/2 UNF x 27;Bimecc;D33R;29199.00;>20
Гайки;12 x 1,25 x 27;Bimecc;D31R;29199.00;>20
Гайки;12 x 1,5 x 19;Bimecc;D14R;17304.00;>20
Гайки;12 x 1,5 x 18;Bimecc;D95R;17844.00;>20
Гайки;12 x 1,5 x 27;Bimecc;D30R;28118.00;>20
Гайки;12 x 1,25 x 37;Bimecc;DNIS02;57724.00;>20
Гайки;12 x 1,5 x 17;Bimecc;DR/1P;34539.00;>20
Гайки;14 x 1,5 x 48;Bimecc;DRR3;168441.00;>20
Гайки;12 x 1,5 x 37;Bimecc;DTOY01;53466.00;>20
Гайки;12 x 1,5 x 47,5;Bimecc;DTOY03;61982.00;>20
Гайки;14 x 1,5 x 47;Bimecc;DTOY04;64821.00;>20
Гайки;18 x 1,5;Bimecc;JDNC18A27025G;42583.00;>20
Гайки;20 x 1,5 x 27;Bimecc;JDNC20A30027G;42583.00;>20
Гайки;22 x 1,5 x 31;Bimecc;JDNC22A33031G;42583.00;>20
Гайки;7/8 14 UNF;Bimecc;JDNC78D33030G;47314.00;>20
Гайки;7/8 11 BSF;Bimecc;JDNC78E33030G;47314.00;>20
Гайки;18 x 1,5 x 25;Bimecc;JDAC18A24025T;13720.00;>20
Гайки;M14 x1,5;Bimecc;JDBC14A19015Z;9463.00;>20
Гайки;M16 x1,5;Bimecc;JDBC16A22017Z;17979.00;>20
Гайки;18 x 1,5 x 18;Bimecc;JDBC18A24018T;15530.00;>20
Гайки;20 x 1,5;Bimecc;JDBC20A27020T;15614.00;>20
Гайки;22 x 1,5 x 22;Bimecc;JDBC22A30022T;18926.00;>20
Гайки;22 x 1,5 x 27;Bimecc;JDNC22A32027G;37378.00;>20
Гайки;O14.5 X 6;Bimecc;JRCI14Z26006V;6151.00;>20
Гайки;O16.5 X 7;Bimecc;JRCI16Z27007V;8043.00;>20
Гайки;O18,5 X 7;Bimecc;JRCI18Z29007T;8804.00;>20
Гайки;O20,5;Bimecc;JRCI20Z34008T;11294.00;>20
Гайки;O22,5 X 8;Bimecc;JRCI22Z34008T;11938.00;>20
Ключи;Ключ-переходник;Bimecc;AU1921;181689.00;>20
Ключи;Ключ-переходник;Bimecc;BR17.2119;181689.00;>20
Ключи;Ключ-балонный;Bimecc;1510000019.2;139512.00;>20
Ключи;Ключ-переходник;Bimecc;BR19.2119;181689.00;>20
Ключи;Ключ-переходник;Bimecc;CSTL17;29199.00;>20
Ключи;Ключ-переходник;Bimecc;CSTL19;33525.00;>20
Ключи;Ключ-переходник;Bimecc;CSTL21;36770.00;>20
Ключи;Ключ-переходник;Bimecc;CST17;26496.00;>20
Ключи;Ключ-переходник;Bimecc;CST19;31363.00;>20
Ключи;Ключ-переходник;Bimecc;CST21;34608.00;>20
Секретки;12 х 1,25 x 27;Bimecc;UB325;307683.00;>20
Секретки;12 х 1,5 x 25;Bimecc;UB125;307683.00;>20
Секретки;12 х 1,5 x 30;Bimecc;UB130;307683.00;>20
Секретки;14 х 1,25 x 27;Bimecc;UB527;307683.00;15
Секретки;14 х 1,5 x 25;Bimecc;UB425;307683.00;6
Секретки;14 х 1,5 x 30;Bimecc;UB430;307683.00;>20
Секретки;14 х 1,5 x 40;Bimecc;UB440;368787.00;9
Секретки;12 х 1,5 x 29;Bimecc;UBR130;307683.00;10
Секретки;14 х 1,5 x 28;Bimecc;UBR430;307683.00;>20
Секретки;12 х 1,5;Bimecc;UM115;307683.00;20
Секретки;12 х 1,25;Bimecc;UM215;307683.00;18
Секретки;14 х 1,5;Bimecc;UM415;307683.00;9
Секретки;12 х 1,5;Bimecc;UMO115;307683.00;12
Секретки;14 х 1,5;Bimecc;UMO415;307683.00;4
Шпильки;12 x 1.25 x 80;Bimecc;PRB80;22711.00;>20
Шпильки;12 x 1.5 x 80;Bimecc;PRA80;22711.00;>20
Шпильки;14 x 1.5 x 80;Bimecc;PRD80;29740.00;>20
Шпильки;1/2 UNF х 46 D15.7;Bimecc;CRP157E46D20;90844.00;>20
Шпильки;12 х 1.25 х 40 D14.3;Bimecc;CRP143B40;48126.00;>20
Шпильки;12 х 1.25 х 62 D14.3;Bimecc;CRP143B62;48126.00;>20
Шпильки;12 х 1.5 х 40 D13.0;Bimecc;CRP130A40;57319.00;>20
Шпильки;12 х 1.5 х 42 D13.0;Bimecc;CRP130A42;48126.00;>20
Шпильки;12 x 1.5 x 42 D14.3;Bimecc;CRP143A42;48126.00;>20
Шпильки;12 х 1.5 х 52 D12.4;Bimecc;CRP124A52;57319.00;>20
Шпильки;12 х 1.5 х 55 D13.0;Bimecc;CRP130A55;57319.00;>20
Шпильки;12 х 1.5 х 62 D12.4;Bimecc;CRP124A62;48126.00;>20
Шпильки;12 х 1.5 х 62 D14.3;Bimecc;CRP143A62;48126.00;>20
Шпильки;12 х 1.5 х 65 D13.0;Bimecc;CRP130A65;48126.00;>20
Запчасти;Держатель труб RH 460/2;Tip Top;519-2614;1002271.00;>20
Запчасти;Колесо вращающееся D=225 пневматическое;;;594668.00;8
Запчасти;Колесо стационарное D=225 пневматическое;;;497878.00;10
Запчасти;Лапа к подъемнику пневматическому  AT-2;Anwatech;PR-AT202;8708515.00;1
Запчасти;Накладка резиновая для подъемника пневматического;Anwatech;PR-AT209;197392.00;16
Запчасти;Накладка резиновая для подъемника пневматического;Anwatech;PR-AT210;197392.00;12
Запчасти;Соединитель  ударный 1" к D.EL. TURBO 2000;;ZDEL-EKT/04-00-014;2209323.00;4
Запчасти;Трос тяги ремней (к TURBO-2000);Delta;ZDEL-EKT/06-07-000;452314.00;>20
