Категория;Наименование;Производитель;Модель;Диаметр;Ширина;PCD;ET;Dia;Цвет;Цена;Количество
Легковые и 4х4;4.5x13 4/100 ET45 D56,6 MW R1-1788s;MW;R1-1788s;13;4.5;4/100;45;56,6;Серебристый;1043042.00;2
Легковые и 4х4;4.5x13 4/114,3 ET45 D69,1 TREBL 42E45S;TREBL;42E45S;13;4.5;4/114,3;45;69,1;Серебристый;361398.00;>20
Легковые и 4х4;5.5x13 4/100 ET35 D67,1 SKAD КАЛЛИСТО;SKAD;КАЛЛИСТО;13;5.5;4/100;35;67,1;Серебристый;830784.00;4
Легковые и 4х4;5.5x13 4/100 ET36 D60,1 ARRIVO AR007;ARRIVO;AR007;13;5.5;4/100;36;60,1;Silver;373401.00;2
Легковые и 4х4;5.5x14 4/98 ET44 D58,1 MW R1-1679s;MW;R1-1679s;14;5.5;4/98;44;58,1;Серебристый;1090453.00;4
Легковые и 4х4;5.0x14 4/100 ET36 D63,3 Anzio VISION polar-silber;Anzio;VISION polar-silber;14;5.0;4/100;36;63,3;Серебристый;1404296.00;4
Легковые и 4х4;5.5x14 4/108 ET24 D65,1 MW R1-1278s;MW;R1-1278s;14;5.5;4/108;24;65,1;Серебристый;1090453.00;8
Легковые и 4х4;5.5x14 4/108 ET34 D65,1 MW R1-1320c;MW;R1-1320c;14;5.5;4/108;34;65,1;Черный;900810.00;4
Легковые и 4х4;5.5x14 4/100 ET45 D54,1 MW R1-1344c;MW;R1-1344c;14;5.5;4/100;45;54,1;Черный;1256392.00;4
Легковые и 4х4;5.5x14 4/98 ET32 D58,1 MW R1-1629c;MW;R1-1629c;14;5.5;4/98;32;58,1;Серебристый;1088937.00;4
Легковые и 4х4;5.0x14 4/100 ET46 D54,1 MW R1-1548c;MW;R1-1548c;14;5.0;4/100;46;54,1;Черный;1327508.00;4
Легковые и 4х4;4.5x14 4/100 ET39 D54,1 MW R1-1601c;MW;R1-1601c;14;4.5;4/100;39;54,1;Черный;971925.00;3
Легковые и 4х4;5.5x14 4/98 ET35 D58,1 Alutec BLIZZARD polar-silber;Alutec;BLIZZARD polar-silber;14;5.5;4/98;35;58,1;Серебристый;1417450.00;4
Легковые и 4х4;5.5x14 4/98 ET35 D58,6 TREBL 53B35B;TREBL;53B35B;14;5.5;4/98;35;58,6;Серебристый;356004.00;>20
Легковые и 4х4;5.5x14 4/98 ET35 D58,6 SKAD АКУЛА;SKAD;АКУЛА;14;5.5;4/98;35;58,6;Серебристый;957327.00;4
Легковые и 4х4;5.5x14 4/98 ET35 D58,6 SKAD УРАН2;SKAD;УРАН2;14;5.5;4/98;35;58,6;Серебристый;957327.00;2
Легковые и 4х4;5.5x14 4/98 ET38 D58,6 SKAD МАГНУМ;SKAD;МАГНУМ;14;5.5;4/98;38;58,6;Серебристый;957327.00;8
Легковые и 4х4;5.5x14 4/100 ET38 D54,1 ARRIVO AR019;ARRIVO;AR019;14;5.5;4/100;38;54,1;Серебристый;458490.00;>20
Легковые и 4х4;5.5x14 4/100 ET40 D54,1 TREBL 6205;TREBL;6205;14;5.5;4/100;40;54,1;Серебристый;505957.00;6
Легковые и 4х4;5.5x14 4/100 ET40 D63,3 Anzio TURN polar-silber;Anzio;TURN polar-silber;14;5.5;4/100;40;63,3;Серебристый;1395836.00;2
Легковые и 4х4;5.5x14 4/100 ET46 D54,1 MW R1-1631;MW;R1-1631;14;5.5;4/100;46;54,1;Черный;1109418.00;4
Легковые и 4х4;5.5x14 4/100 ET49 D56,5 MW R1-1364c;MW;R1-1364c;14;5.5;4/100;49;56,5;Черный;711165.00;8
Легковые и 4х4;5.5x14 4/108 ET34 D65,1 TREBL 5990;TREBL;5990;14;5.5;4/108;34;65,1;Серебристый;505957.00;8
Легковые и 4х4;6.0x14 4/100 ET45 D54,1 MW R1-1720c;MW;R1-1720c;14;6.0;4/100;45;54,1;Черный;1280097.00;4
Легковые и 4х4;6.0x15 4/98 ET38 D58,1 Alutec POISON diamant-schwarz;Alutec;POISON diamant-schwarz;15;6.0;4/98;38;58,1;Черный;2715536.00;4
Легковые и 4х4;6.5x15 4/98 ET35 D58,1 Alutec XPLOSIVE matt-graphit;Alutec;XPLOSIVE matt-graphit;15;6.5;4/98;35;58,1;Графитовый;2158154.00;8
Легковые и 4х4;6.0x15 4/100 ET43 D60,1 MW R1-1350c;MW;R1-1350c;15;6.0;4/100;43;60,1;Черный;1185276.00;1
Легковые и 4х4;6.5x15 4/100 ET45 D60,1 MW R1-1469c;MW;R1-1469c;15;6.5;4/100;45;60,1;Черный;1232686.00;7
Легковые и 4х4;6.0x15 4/100 ET38 D63,3 Anzio WAVE polar-silber;Anzio;WAVE polar-silber;15;6.0;4/100;38;63,3;Серебристый;1977133.00;3
Легковые и 4х4;6.0x15 4/108 ET45 D63,3 Alutec BLIZZARD polar-silber;Alutec;BLIZZARD polar-silber;15;6.0;4/108;45;63,3;Серебристый;1974483.00;1
Легковые и 4х4;6.5x15 4/108 ET25 D65,1 Anzio DRAG polar-silber;Anzio;DRAG polar-silber;15;6.5;4/108;25;65,1;Серебристый;2073813.00;4
Легковые и 4х4;6.0x15 4/108 ET25 D65,1 Alutec POISON diamant-schwarz;Alutec;POISON diamant-schwarz;15;6.0;4/108;25;65,1;Черный;2308206.00;4
Легковые и 4х4;6.5x15 4/108 ET27 D65,1 MW R1-1735s;MW;R1-1735s;15;6.5;4/108;27;65,1;Серебристый;1493448.00;4
Легковые и 4х4;5.5x14 4/108 ET37,5 D63,3 MW R1-1738c;MW;R1-1738c;14;5.5;4/108;37,5;63,3;Черный;948220.00;4
Легковые и 4х4;6.0x15 4/108 ET25 D65,1 Alutec SHARK racing-schwarz;Alutec;SHARK racing-schwarz;15;6.0;4/108;25;65,1;Черный;2849821.00;4
Легковые и 4х4;6.5x15 4/108 ET25 D65,1 Alutec XPLOSIVE matt-graphit;Alutec;XPLOSIVE matt-graphit;15;6.5;4/108;25;65,1;Графитовый;2158154.00;4
Легковые и 4х4;6.0x15 4/114,3 ET45 D66,1 MW R1-1270c;MW;R1-1270c;15;6.0;4/114,3;45;66,1;Черный;1280097.00;4
Легковые и 4х4;6.5x15 5/98 ET31 D58,1 MW R1-1306s;MW;R1-1306s;15;6.5;5/98;31;58,1;Серебристый;1754208.00;8
Легковые и 4х4;6.0x15 5/98 ET39 D58,1 MW R1-1741c;MW;R1-1741c;15;6.0;5/98;39;58,1;Черный;1327508.00;4
Легковые и 4х4;6.5x15 5/100 ET38 D63,3 Anzio DRAG polar-silber;Anzio;DRAG polar-silber;15;6.5;5/100;38;63,3;Серебристый;2073813.00;8
Легковые и 4х4;6.0x15 5/100 ET38 D57,1 Alutec GRIP polar-silber;Alutec;GRIP polar-silber;15;6.0;5/100;38;57,1;Серебристый;1959562.00;4
Легковые и 4х4;6.0x15 5/100 ET39 D54,1 MW R1-1196c;MW;R1-1196c;15;6.0;5/100;39;54,1;Черный;1514781.00;4
Легковые и 4х4;6.5x15 5/100 ET38 D63,3 Anzio VISION matt-graphit;Anzio;VISION matt-graphit;15;6.5;5/100;38;63,3;Графитовый;1720927.00;20
Легковые и 4х4;6.5x15 5/100 ET38 D63,3 Anzio WAVE polar-silber;Anzio;WAVE polar-silber;15;6.5;5/100;38;63,3;Серебристый;1705216.00;20
Легковые и 4х4;6.5x15 5/100 ET38 D63,3 Alutec XPLOSIVE matt-graphit;Alutec;XPLOSIVE matt-graphit;15;6.5;5/100;38;63,3;Графитовый;2774770.00;4
Легковые и 4х4;6.5x15 5/110 ET35 D65,1 MW R1-1463c;MW;R1-1463c;15;6.5;5/110;35;65,1;Черный;1232686.00;1
Легковые и 4х4;6.0x15 5/112 ET45 D70,1 Alutec BLIZZARD polar-silber;Alutec;BLIZZARD polar-silber;15;6.0;5/112;45;70,1;Серебристый;1777035.00;1
Легковые и 4х4;6.0x15 5/112 ET50 D70,1 Alutec ENERGY polar-silber;Alutec;ENERGY polar-silber;15;6.0;5/112;50;70,1;Серебристый;2578268.00;4
Легковые и 4х4;6.0x15 5/112 ET45 D57,1 Alutec GRIP polar-silber;Alutec;GRIP polar-silber;15;6.0;5/112;45;57,1;Серебристый;1959562.00;2
Легковые и 4х4;6.5x15 5/112 ET45 D70,1 Anzio LIGHT polar-silber;Anzio;LIGHT polar-silber;15;6.5;5/112;45;70,1;Серебристый;1735912.00;12
Легковые и 4х4;6.5x15 5/112 ET45 D73,2 Protech P0470;Protech;P0470;15;6.5;5/112;45;73,2;flash-silver;1532456.00;11
Легковые и 4х4;6.5x15 5/112 ET38 D73,2 Protech P1100;Protech;P1100;15;6.5;5/112;38;73,2;flash-silver;1622600.00;18
Легковые и 4х4;6.0x15 5/112 ET45 D73,2 Protech P1241;Protech;P1241;15;6.0;5/112;45;73,2;flash-silver;1538334.00;20
Легковые и 4х4;6.0x15 5/112 ET45 D57,1 Alutec POISON diamant-schwarz;Alutec;POISON diamant-schwarz;15;6.0;5/112;45;57,1;Черный;2443982.00;8
Легковые и 4х4;6.0x15 5/112 ET45 D57,1 Alutec POISON polar-silber;Alutec;POISON polar-silber;15;6.0;5/112;45;57,1;Серебристый;1808368.00;5
Легковые и 4х4;6.0x15 5/112 ET45 D57,1 MW R1-1014c;MW;R1-1014c;15;6.0;5/112;45;57,1;Черный;1161570.00;19
Легковые и 4х4;6.0x15 5/112 ET37 D57,1 MW R1-1140c;MW;R1-1140c;15;6.0;5/112;37;57,1;Черный;1045413.00;12
Легковые и 4х4;6.0x15 5/112 ET47 D57,1 MW R1-1489c;MW;R1-1489c;15;6.0;5/112;47;57,1;Черный;1090453.00;14
Легковые и 4х4;6.0x15 4/100 ET50 D60,1 MW R1-1580c;MW;R1-1580c;15;6.0;4/100;50;60,1;Черный;1608656.00;1
Легковые и 4х4;6.0x15 5/108 ET44 D60,1 MW R1-1712s;MW;R1-1712s;15;6.0;5/108;44;60,1;Серебристый;1447790.00;3
Легковые и 4х4;6.0x15 5/112 ET45 D57,1 Alutec SHARK racing-schwarz;Alutec;SHARK racing-schwarz;15;6.0;5/112;45;57,1;Черный;2564839.00;5
Легковые и 4х4;6.5x15 5/112 ET38 D70,1 Anzio VISION matt-graphit;Anzio;VISION matt-graphit;15;6.5;5/112;38;70,1;Графитовый;2151159.00;4
Легковые и 4х4;6.5x15 5/112 ET38 D70,1 Anzio VISION polar-silber;Anzio;VISION polar-silber;15;6.5;5/112;38;70,1;Серебристый;2073813.00;8
Легковые и 4х4;6.5x15 5/112 ET45 D57,1 Anzio VISION polar-silber;Anzio;VISION polar-silber;15;6.5;5/112;45;57,1;Серебристый;1762741.00;8
Легковые и 4х4;6.5x15 5/112 ET45 D70,1 Anzio WAVE polar-silber;Anzio;WAVE polar-silber;15;6.5;5/112;45;70,1;Серебристый;1705216.00;4
Легковые и 4х4;6.5x15 5/112 ET45 D57,1 Alutec XPLOSIVE matt-graphit;Alutec;XPLOSIVE matt-graphit;15;6.5;5/112;45;57,1;Графитовый;2620616.00;4
Легковые и 4х4;6.5x15 5/114,3 ET45 D70,1 Anzio LIGHT polar-silber;Anzio;LIGHT polar-silber;15;6.5;5/114,3;45;70,1;Серебристый;1928792.00;4
Легковые и 4х4;6.5x15 5/114,3 ET45 D73,2 Protech P0665;Protech;P0665;15;6.5;5/114,3;45;73,2;flash-silver;1357353.00;3
Легковые и 4х4;6.5x15 5/114,3 ET38 D73,2 Protech P1100;Protech;P1100;15;6.5;5/114,3;38;73,2;flash-silver;1310422.00;1
Легковые и 4х4;6.5x15 5/114,3 ET45 D73,2 Protech P1336;Protech;P1336;15;6.5;5/114,3;45;73,2;flash-silver;1628823.00;1
Легковые и 4х4;6.0x15 5/114,3 ET45 D70,1 Alutec POISON polar-silber;Alutec;POISON polar-silber;15;6.0;5/114,3;45;70,1;Серебристый;1607438.00;8
Легковые и 4х4;6.0x15 5/114,3 ET50 D67,1 MW R1-1766c;MW;R1-1766c;15;6.0;5/114,3;50;67,1;Черный;1564563.00;8
Легковые и 4х4;6.0x15 5/114,3 ET45 D70,1 Alutec SHARK racing-schwarz;Alutec;SHARK racing-schwarz;15;6.0;5/114,3;45;70,1;Черный;2564839.00;3
Легковые и 4х4;6.5x15 5/114,3 ET45 D70,1 Anzio TURN polar-silber;Anzio;TURN polar-silber;15;6.5;5/114,3;45;70,1;Серебристый;1928792.00;8
Легковые и 4х4;6.5x15 5/114,3 ET45 D70,1 Anzio TURN schwarz;Anzio;TURN schwarz;15;6.5;5/114,3;45;70,1;Черный;1909939.00;4
Легковые и 4х4;6.5x15 5/114,3 ET38 D70,1 Anzio VISION matt-graphit;Anzio;VISION matt-graphit;15;6.5;5/114,3;38;70,1;Графитовый;1828485.00;4
Легковые и 4х4;6.5x15 5/114,3 ET45 D70,1 Anzio VISION matt-graphit;Anzio;VISION matt-graphit;15;6.5;5/114,3;45;70,1;Графитовый;1828485.00;12
Легковые и 4х4;6.5x15 5/114,3 ET45 D70,1 Anzio WAVE polar-silber;Anzio;WAVE polar-silber;15;6.5;5/114,3;45;70,1;Серебристый;2006137.00;4
Легковые и 4х4;6.5x15 5/114,3 ET45 D70,1 Alutec XPLOSIVE matt-graphit;Alutec;XPLOSIVE matt-graphit;15;6.5;5/114,3;45;70,1;Графитовый;2774770.00;8
Легковые и 4х4;6.0x15 5/118 ET50 D71,1 Alutec ENERGY polar-silber;Alutec;ENERGY polar-silber;15;6.0;5/118;50;71,1;Серебристый;2291793.00;16
Легковые и 4х4;6.0x15 5/118 ET68 D71,1 MW R1-1635s;MW;R1-1635s;15;6.0;5/118;68;71,1;Серебристый;1611974.00;1
Легкогруз.;6.0x15 5/118 ET68 D71,1 MW R1-1251s;MW;R1-1251s;15;6.0;5/118;68;71,1;Серебристый;1659386.00;8
Легковые и 4х4;6.0x15 5/130 ET75 D84,1 MW R1-1404s;MW;R1-1404s;15;6.0;5/130;75;84,1;Серебристый;1706797.00;11
Легковые и 4х4;5.5x15 5/160 ET60 D65,1 MW R1-1421s;MW;R1-1421s;15;5.5;5/160;60;65,1;Серебристый;1896441.00;4
Легковые и 4х4;5.5x15 4/100 ET45 D60,1 MW R1-1630c;MW;R1-1630c;15;5.5;4/100;45;60,1;Черный;1232686.00;8
Легковые и 4х4;5.5x15 4/100 ET36 D54,1 MW R1-1828c;MW;R1-1828c;15;5.5;4/100;36;54,1;Черный;1280097.00;8
Легковые и 4х4;5.5x15 4/100 ET45 D54,1 MW R1-1607c;MW;R1-1607c;15;5.5;4/100;45;54,1;Черный;1185276.00;2
Легковые и 4х4;5.5x15 4/100 ET45 D56,1 MW R1-1750c;MW;R1-1750c;15;5.5;4/100;45;56,1;Черный;1469742.00;6
Легковые и 4х4;5.5x15 4/100 ET51 D54,1 TREBL 7405;TREBL;7405;15;5.5;4/100;51;54,1;Черный;587407.00;3
Легковые и 4х4;5.5x15 5/114,3 ET45 D67,1 ALCASTA M03;ALCASTA;M03;15;5.5;5/114,3;45;67,1;Чёрный матовый;1106848.00;8
Легковые и 4х4;5.5x15 6/205 ET108 D161 MW R1-1282s;MW;R1-1282s;15;5.5;6/205;108;161;Серебристый;2346846.00;2
Легковые и 4х4;6.0x15 4/98 ET38 D58,6 SKAD САМУРАЙ;SKAD;САМУРАЙ;15;6.0;4/98;38;58,6;Серебристый;1248926.00;4
Легковые и 4х4;6.5x16 4/100 ET52 D54,1 X-RACE AF-01;X-RACE;AF-01;16;6.5;4/100;52;54,1;Черный мат/полированный/красная полоса по ободу;1480113.00;8
Легковые и 4х4;6.0x15 4/100 ET36 D60,1 YST X-14;YST;X-14;15;6.0;4/100;36;60,1;MBYS;1115479.00;>20
Легковые и 4х4;6.0x15 4/100 ET38 D63,3 Alutec BURNSIDE diamant-schwarz;Alutec;BURNSIDE diamant-schwarz;15;6.0;4/100;38;63,3;Черный;2810032.00;8
Легковые и 4х4;6.0x15 4/100 ET43 D60,1 MW R1-1724c;MW;R1-1724c;15;6.0;4/100;43;60,1;Черный;1488231.00;9
Легковые и 4х4;6.0x15 4/100 ET45 D54,1 MW R1-1721c;MW;R1-1721c;15;6.0;4/100;45;54,1;Черный;1422331.00;7
Легковые и 4х4;6.0x15 4/100 ET45 D63,3 Alutec BURNSIDE diamant-schwarz;Alutec;BURNSIDE diamant-schwarz;15;6.0;4/100;45;63,3;Черный;2810032.00;4
Легковые и 4х4;6.0x15 4/100 ET45 D67,1 SKAD CITY;SKAD;CITY;15;6.0;4/100;45;67,1;Алмаз белый;1303945.00;2
Легковые и 4х4;6.0x15 4/100 ET45 D67,1 SKAD ВЕРИТАС;SKAD;ВЕРИТАС;15;6.0;4/100;45;67,1;Чёрный матовый с проточкой;1303945.00;2
Легковые и 4х4;6.0x15 4/100 ET48 D54,1 SKAD ВЕРИТАС;SKAD;ВЕРИТАС;15;6.0;4/100;48;54,1;Алмаз белый;1303945.00;8
Легковые и 4х4;6.0x15 4/100 ET50 D60,1 TREBL 64A50C;TREBL;64A50C;15;6.0;4/100;50;60,1;Серебристый;480606.00;>20
Легковые и 4х4;6.0x15 4/108 ET18 D65,1 MW R1-1334c;MW;R1-1334c;15;6.0;4/108;18;65,1;Черный;1308070.00;1
Легковые и 4х4;6.0x15 4/108 ET27 D65,1 Yokatta Model-2;Yokatta;Model-2;15;6.0;4/108;27;65,1;W+B;1275681.00;>20
Легковые и 4х4;6.0x15 4/108 ET27 D65,1 YST X-8;YST;X-8;15;6.0;4/108;27;65,1;WRS;1115479.00;>20
Легковые и 4х4;6.0x15 4/108 ET47.5 D63,3 MW R1-1730c;MW;R1-1730c;15;6.0;4/108;47.5;63,3;Черный;1232686.00;3
Легковые и 4х4;6.0x15 5/100 ET38 D57,1 Alutec BURNSIDE polar-silber;Alutec;BURNSIDE polar-silber;15;6.0;5/100;38;57,1;Серебристый;2103794.00;2
Легковые и 4х4;6.0x15 5/105 ET39 D56,6 Yokatta Model-5;Yokatta;Model-5;15;6.0;5/105;39;56,6;Черный с полировкой;1199625.00;4
Легковые и 4х4;6.0x15 5/100 ET40 D57,1 Yokatta Model-21;Yokatta;Model-21;15;6.0;5/100;40;57,1;белый/черный/белая полоса внутри;1406755.00;16
Легковые и 4х4;6.0x15 5/100 ET40 D57,1 Yokatta Model-22;Yokatta;Model-22;15;6.0;5/100;40;57,1;белый/черный;1342567.00;4
Легковые и 4х4;6.0x15 5/105 ET39 D56,7 SKAD ВЕРИТАС;SKAD;ВЕРИТАС;15;6.0;5/105;39;56,7;Чёрный матовый с проточкой;1303945.00;4
Легковые и 4х4;6.0x15 5/108 ET52,5 D63,3 MW R1-1552;MW;R1-1552;15;6.0;5/108;52,5;63,3;;1422331.00;4
Легковые и 4х4;6.0x15 5/110 ET49 D65,1 MW R1-1318c;MW;R1-1318c;15;6.0;5/110;49;65,1;Черный;1292044.00;4
Легковые и 4х4;6.0x15 5/112 ET37 D57,1 TREBL 8955;TREBL;8955;15;6.0;5/112;37;57,1;Черный;610600.00;3
Легковые и 4х4;6.0x15 5/112 ET47 D57,1 TREBL 9165;TREBL;9165;15;6.0;5/112;47;57,1;Черный;542097.00;15
Легковые и 4х4;6.0x15 5/112 ET45 D57,1 TREBL 64|45D;TREBL;64|45D;15;6.0;5/112;45;57,1;Серебристый;578236.00;8
Легковые и 4х4;6.0x15 5/112 ET47 D57,1 Yokatta Model-29;Yokatta;Model-29;15;6.0;5/112;47;57,1;Черный с полировкой;1249790.00;12
Легковые и 4х4;6.0x15 5/112 ET47 D57,1 YST X-8;YST;X-8;15;6.0;5/112;47;57,1;WRS;1115479.00;>20
Легковые и 4х4;6.0x15 5/112 ET47 D57,1 SKAD ВЕРИТАС;SKAD;ВЕРИТАС;15;6.0;5/112;47;57,1;Чёрный матовый с проточкой;1303945.00;4
Легковые и 4х4;6.0x15 5/114,3 ET40 D67,1 TREBL 64J40H;TREBL;64J40H;15;6.0;5/114,3;40;67,1;Черный;565291.00;20
Легковые и 4х4;6.0x15 5/114,3 ET45 D54,1 TREBL X40025;TREBL;X40025;15;6.0;5/114,3;45;54,1;Серебристый;623546.00;12
Легковые и 4х4;6.0x15 5/114,3 ET50 D60,1 TREBL 7150;TREBL;7150;15;6.0;5/114,3;50;60,1;Черный;582013.00;4
Легковые и 4х4;6.0x15 5/139,7 ET48 D98,6 TREBL 64G48L;TREBL;64G48L;15;6.0;5/139,7;48;98,6;Серебристый;509193.00;12
Легковые и 4х4;6.5x15 5/112 ET38 D70,1 Anzio TURN schwarz;Anzio;TURN schwarz;15;6.5;5/112;38;70,1;Черный;1803831.00;12
Легковые и 4х4;6.5x15 5/112 ET50 D57,1 REPLICA VW35;REPLICA;VW35;15;6.5;5/112;50;57,1;W;1307505.00;20
Легковые и 4х4;6.0x15 5/114,3 ET46 D67,1 MW R1-1854c;MW;R1-1854c;15;6.0;5/114,3;46;67,1;Черный;1629138.00;7
Легковые и 4х4;7.0x16 4/98 ET35 D58,1 Alutec GRIP graphit;Alutec;GRIP graphit;16;7.0;4/98;35;58,1;Графитовый;2138608.00;4
Легковые и 4х4;7.0x16 4/100 ET38 D63,3 Anzio RACER polar-silber;Anzio;RACER polar-silber;16;7.0;4/100;38;63,3;Серебристый;1698691.00;2
Легковые и 4х4;6.0x16 4/100 ET40 D63,3 Alutec SHARK racing-schwarz;Alutec;SHARK racing-schwarz;16;6.0;4/100;40;63,3;Черный;2807049.00;4
Легковые и 4х4;6.0x16 4/108 ET25 D65,1 Alutec POISON diamant-schwarz;Alutec;POISON diamant-schwarz;16;6.0;4/108;25;65,1;Черный;2663314.00;8
Легковые и 4х4;6.0x16 4/108 ET40 D63,3 Alutec POISON diamant-schwarz;Alutec;POISON diamant-schwarz;16;6.0;4/108;40;63,3;Черный;2663314.00;4
Легковые и 4х4;6.0x16 4/108 ET25 D65,1 Alutec POISON polar-silber;Alutec;POISON polar-silber;16;6.0;4/108;25;65,1;Серебристый;2208238.00;2
Легковые и 4х4;6.0x16 4/108 ET40 D63,3 Alutec SHARK racing-schwarz;Alutec;SHARK racing-schwarz;16;6.0;4/108;40;63,3;Черный;2807049.00;10
Легковые и 4х4;6.0x16 4/108 ET25 D65,1 Alutec SHARK racing-schwarz;Alutec;SHARK racing-schwarz;16;6.0;4/108;25;65,1;Черный;2311687.00;2
Легковые и 4х4;6.5x16 4/108 ET25 D65,1 Anzio TURN schwarz;Anzio;TURN schwarz;16;6.5;4/108;25;65,1;Черный;2320351.00;4
Легковые и 4х4;6.0x16 4/108 ET24 D65,1 Anzio VISION matt-graphit;Anzio;VISION matt-graphit;16;6.0;4/108;24;65,1;Графитовый;2296180.00;8
Легковые и 4х4;6.5x16 5/98 ET27 D58,1 Alutec ENERGY polar-silber;Alutec;ENERGY polar-silber;16;6.5;5/98;27;58,1;Серебристый;3103470.00;4
Легковые и 4х4;6.5x16 5/108 ET50 D60,1 MW R1-1187s;MW;R1-1187s;16;6.5;5/108;50;60,1;Черный;1564563.00;3
Легковые и 4х4;6.0x16 5/98 ET36,5 D58,1 MW R1-1786s;MW;R1-1786s;16;6.0;5/98;36,5;58,1;Серебристый;1517152.00;4
Легковые и 4х4;6.5x16 5/100 ET39 D57,1 Alutec BLIZZARD polar-silber;Alutec;BLIZZARD polar-silber;16;6.5;5/100;39;57,1;Серебристый;2188344.00;2
Легковые и 4х4;6.5x16 5/100 ET39 D57,1 Alutec GRIP graphit;Alutec;GRIP graphit;16;6.5;5/100;39;57,1;Графитовый;2138608.00;6
Легковые и 4х4;6.5x16 5/100 ET38 D73,2 Protech P1421;Protech;P1421;16;6.5;5/100;38;73,2;flash-silver;1812914.00;17
Легковые и 4х4;7.0x16 5/100 ET38 D65,1 Protech P1639;Protech;P1639;16;7.0;5/100;38;65,1;flash-silver;1723029.00;19
Легковые и 4х4;7.0x16 5/100 ET38 D63,3 Alutec POISON diamant-schwarz;Alutec;POISON diamant-schwarz;16;7.0;5/100;38;63,3;Черный;2663314.00;4
Легковые и 4х4;7.0x16 5/100 ET38 D63,3 Alutec POISON polar-silber;Alutec;POISON polar-silber;16;7.0;5/100;38;63,3;Серебристый;2223158.00;4
Легковые и 4х4;7.0x16 5/100 ET38 D63,3 Alutec SHARK sterling-silber;Alutec;SHARK sterling-silber;16;7.0;5/100;38;63,3;Серебристый;2620616.00;8
Легковые и 4х4;7.5x16 5/100 ET38 D63,3 Alutec TOXIC matt-graphit;Alutec;TOXIC matt-graphit;16;7.5;5/100;38;63,3;Графитовый;2806551.00;4
Легковые и 4х4;6.5x16 5/100 ET45 D63,3 Anzio VISION polar-silber;Anzio;VISION polar-silber;16;6.5;5/100;45;63,3;Серебристый;2272010.00;8
Легковые и 4х4;6.0x16 5/100 ET38 D63,3 Anzio WAVE polar-silber;Anzio;WAVE polar-silber;16;6.0;5/100;38;63,3;Серебристый;2170495.00;8
Легковые и 4х4;7.0x16 5/100 ET38 D63,3 Alutec XPLOSIVE matt-graphit;Alutec;XPLOSIVE matt-graphit;16;7.0;5/100;38;63,3;Графитовый;3221043.00;4
Легковые и 4х4;7.0x16 5/105 ET38 D56,6 Alutec SHARK racing-schwarz;Alutec;SHARK racing-schwarz;16;7.0;5/105;38;56,6;Черный;2972169.00;6
Легковые и 4х4;7.0x16 5/105 ET38 D56,6 Alutec SHARK sterling-silber;Alutec;SHARK sterling-silber;16;7.0;5/105;38;56,6;Серебристый;2774770.00;2
Легковые и 4х4;7.0x16 5/108 ET40 D73,2 Protech P1100;Protech;P1100;16;7.0;5/108;40;73,2;flash-silver;1723029.00;>20
Легковые и 4х4;7.0x16 5/108 ET40 D73,2 Protech P1336;Protech;P1336;16;7.0;5/108;40;73,2;flash-silver;1510676.00;3
Легковые и 4х4;7.0x16 5/112 ET37 D57,1 MW R1-1414c;MW;R1-1414c;16;7.0;5/112;37;57,1;Черный;1611974.00;8
Легковые и 4х4;7.0x16 5/108 ET42 D65,1 MW R1-1675s;MW;R1-1675s;16;7.0;5/108;42;65,1;Серебристый;1849029.00;4
Легковые и 4х4;7.0x16 5/108 ET48 D70,1 Alutec SHARK racing-schwarz;Alutec;SHARK racing-schwarz;16;7.0;5/108;48;70,1;Черный;2807049.00;4
Легковые и 4х4;7.0x16 5/110 ET38 D65,1 Alutec POISON diamant-schwarz;Alutec;POISON diamant-schwarz;16;7.0;5/110;38;65,1;Черный;2663314.00;4
Легковые и 4х4;7.0x16 5/110 ET38 D65,1 Alutec POISON polar-silber;Alutec;POISON polar-silber;16;7.0;5/110;38;65,1;Серебристый;2223158.00;4
Легковые и 4х4;6.5x16 5/110 ET41 D65,1 MW R1-1483c;MW;R1-1483c;16;6.5;5/110;41;65,1;Черный;1611974.00;4
Легковые и 4х4;6.5x16 5/110 ET38 D65,1 Anzio VISION polar-silber;Anzio;VISION polar-silber;16;6.5;5/110;38;65,1;Серебристый;2272010.00;12
Легковые и 4х4;7.0x16 5/110 ET38 D65,1 Anzio WAVE polar-silber;Anzio;WAVE polar-silber;16;7.0;5/110;38;65,1;Серебристый;2199500.00;4
Легковые и 4х4;6.5x16 5/112 ET33 D57,1 Alutec BLIZZARD polar-silber;Alutec;BLIZZARD polar-silber;16;6.5;5/112;33;57,1;Серебристый;2188344.00;4
Легковые и 4х4;7.0x16 5/112 ET38 D70,1 Alutec GRIP polar-silber;Alutec;GRIP polar-silber;16;7.0;5/112;38;70,1;Серебристый;2138608.00;3
Легковые и 4х4;7.0x16 5/112 ET38 D73,2 Protech P0470;Protech;P0470;16;7.0;5/112;38;73,2;flash-silver;1507651.00;3
Легковые и 4х4;7.0x16 5/112 ET35 D73,2 Protech P0660;Protech;P0660;16;7.0;5/112;35;73,2;flash-silver;1507651.00;>20
Легковые и 4х4;7.0x16 5/112 ET38 D73,2 Protech P0665;Protech;P0665;16;7.0;5/112;38;73,2;flash-silver;1513701.00;11
Легковые и 4х4;7.0x16 5/112 ET38 D73,2 Protech P1026;Protech;P1026;16;7.0;5/112;38;73,2;polar-silber;1621044.00;2
Легковые и 4х4;7.5x16 5/112 ET35 D73,2 Protech P1151;Protech;P1151;16;7.5;5/112;35;73,2;flash-silver;1586300.00;1
Легковые и 4х4;7.5x16 5/112 ET38 D73,2 Protech P1151;Protech;P1151;16;7.5;5/112;38;73,2;black/polished;1579646.00;3
Легковые и 4х4;7.0x16 5/112 ET38 D73,2 Protech P1241;Protech;P1241;16;7.0;5/112;38;73,2;flash-silver;1615340.00;19
Легковые и 4х4;7.0x16 5/112 ET40 D73,2 Protech P1261;Protech;P1261;16;7.0;5/112;40;73,2;black/polished/acryl;1798394.00;>20
Легковые и 4х4;7.0x16 5/112 ET38 D73,2 Protech P1336;Protech;P1336;16;7.0;5/112;38;73,2;flash-silver;1834392.00;4
Легковые и 4х4;7.0x16 5/112 ET35 D73,2 Protech P1336;Protech;P1336;16;7.0;5/112;35;73,2;flash-silver;1615340.00;>20
Легковые и 4х4;6.5x16 5/112 ET38 D73,2 Protech P1369;Protech;P1369;16;6.5;5/112;38;73,2;flash-silver;1510676.00;>20
Легковые и 4х4;7.0x16 5/112 ET38 D73,2 Protech P1639;Protech;P1639;16;7.0;5/112;38;73,2;flash-silver;2153787.00;4
Легковые и 4х4;7.0x16 5/112 ET38 D70,1 Alutec POISON diamant-schwarz;Alutec;POISON diamant-schwarz;16;7.0;5/112;38;70,1;Черный;3133311.00;8
Легковые и 4х4;7.0x16 5/112 ET38 D70,1 Alutec POISON polar-silber;Alutec;POISON polar-silber;16;7.0;5/112;38;70,1;Серебристый;2223158.00;>20
Легковые и 4х4;7.0x16 5/112 ET48 D57,1 Alutec POISON racing-schwarz;Alutec;POISON racing-schwarz;16;7.0;5/112;48;57,1;Черный;2397231.00;4
Легковые и 4х4;6.0x16 5/112 ET50 D57,1 MW R1-1731c;MW;R1-1731c;16;6.0;5/112;50;57,1;Черный;1584002.00;6
Легкогруз.;6.0x16 6/205 ET124 D161 MW R1-988c;MW;R1-988c;16;6.0;6/205;124;161;Серебристый;2014969.00;>20
Легковые и 4х4;6.5x16 5/112 ET45 D70,1 Anzio TURN schwarz;Anzio;TURN schwarz;16;6.5;5/112;45;70,1;Черный;2320351.00;8
Легковые и 4х4;6.5x16 5/112 ET45 D57,1 Anzio VISION matt-graphit;Anzio;VISION matt-graphit;16;6.5;5/112;45;57,1;Графитовый;2344521.00;2
Легковые и 4х4;6.5x16 5/112 ET38 D70,1 Anzio VISION matt-graphit;Anzio;VISION matt-graphit;16;6.5;5/112;38;70,1;Графитовый;2344521.00;16
Легковые и 4х4;6.5x16 5/112 ET38 D70,1 Anzio VISION polar-silber;Anzio;VISION polar-silber;16;6.5;5/112;38;70,1;Серебристый;2272010.00;8
Легковые и 4х4;7.0x16 5/112 ET38 D70,1 Alutec XPLOSIVE matt-graphit;Alutec;XPLOSIVE matt-graphit;16;7.0;5/112;38;70,1;Графитовый;3042097.00;12
Легковые и 4х4;7.0x16 5/112 ET48 D70,1 Alutec XPLOSIVE matt-graphit;Alutec;XPLOSIVE matt-graphit;16;7.0;5/112;48;70,1;Графитовый;2919500.00;8
Легковые и 4х4;6.5x16 5/114,3 ET45 D70,1 Alutec BLIZZARD polar-silber;Alutec;BLIZZARD polar-silber;16;6.5;5/114,3;45;70,1;Серебристый;2188344.00;3
Легковые и 4х4;6.5x16 5/114,3 ET39 D70,1 Alutec GRIP polar-silber;Alutec;GRIP polar-silber;16;6.5;5/114,3;39;70,1;Серебристый;2138608.00;3
Легковые и 4х4;6.5x16 5/114,3 ET38 D73,2 Protech P1369;Protech;P1369;16;6.5;5/114,3;38;73,2;flash-silver;1942298.00;1
Легковые и 4х4;6.5x16 4/108 ET31 D65,1 MW R1-1582c;MW;R1-1582c;16;6.5;4/108;31;65,1;Черный;1422331.00;4
Легковые и 4х4;6.5x16 5/112 ET42 D57,1 MW R1-1597c;MW;R1-1597c;16;6.5;5/112;42;57,1;Черный;1493446.00;1
Легковые и 4х4;6.5x16 5/114,3 ET40 D66,1 MW R1-1740c;MW;R1-1740c;16;6.5;5/114,3;40;66,1;Черный;1374920.00;16
Легковые и 4х4;6.5x16 5/114,3 ET39 D60,1 MW R1-1744c;MW;R1-1744c;16;6.5;5/114,3;39;60,1;Черный;1896441.00;10
Легковые и 4х4;6.5x16 5/114,3 ET50 D67,1 MW R1-1767c;MW;R1-1767c;16;6.5;5/114,3;50;67,1;Черный;1754208.00;4
Легковые и 4х4;6.5x16 5/114,3 ET38 D70,1 Anzio TURN polar-silber;Anzio;TURN polar-silber;16;6.5;5/114,3;38;70,1;Серебристый;2126989.00;3
Легковые и 4х4;6.5x16 5/114,3 ET38 D70,1 Anzio TURN schwarz;Anzio;TURN schwarz;16;6.5;5/114,3;38;70,1;Черный;2320351.00;4
Легковые и 4х4;7.0x16 5/114,3 ET48 D70,1 Alutec XPLOSIVE matt-graphit;Alutec;XPLOSIVE matt-graphit;16;7.0;5/114,3;48;70,1;Графитовый;3221043.00;8
Легковые и 4х4;7.0x16 5/114,3 ET38 D70,1 Alutec XPLOSIVE matt-graphit;Alutec;XPLOSIVE matt-graphit;16;7.0;5/114,3;38;70,1;Графитовый;3221043.00;4
Легковые и 4х4;6.5x16 5/120 ET50 D65,1 Alutec ENERGY polar-silber;Alutec;ENERGY polar-silber;16;6.5;5/120;50;65,1;Серебристый;2637949.00;3
Легковые и 4х4;6.5x16 5/120 ET51 D65,1 MW R1-1529s;MW;R1-1529s;16;6.5;5/120;51;65,1;Серебристый;1540858.00;2
Легковые и 4х4;7.0x16 5/120 ET35 D72,6 Alutec V polar-silber;Alutec;V polar-silber;16;7.0;5/120;35;72,6;Серебристый;2297761.00;4
Легковые и 4х4;6.5x16 5/130 ET60 D84,1 Alutec ENERGY polar-silber;Alutec;ENERGY polar-silber;16;6.5;5/130;60;84,1;Серебристый;2637949.00;11
Легковые и 4х4;6.5x16 5/130 ET60 D78,1 Alutec ENERGY polar-silber;Alutec;ENERGY polar-silber;16;6.5;5/130;60;78,1;Серебристый;2637949.00;8
Легковые и 4х4;6.0x16 5/130 ET66 D89,1 MW R1-1172c;MW;R1-1172c;16;6.0;5/130;66;89,1;Черный;1801618.00;2
Легковые и 4х4;5.5x16 5/160 ET56 D65,1 MW R1-1587s;MW;R1-1587s;16;5.5;5/160;56;65,1;Серебристый;1872735.00;8
Легковые и 4х4;6.5x16 6/125 ET68 D74,1 MW R1-1832s;MW;R1-1832s;16;6.5;6/125;68;74,1;Серебристый;1896441.00;7
Легковые и 4х4;6.5x16 6/125 ET68 D74,1 MW R1-1832s;MW;R1-1832s;16;6.5;6/125;68;74,1;Серебристый;1896441.00;5
Легковые и 4х4;6.5x16 6/130 ET62 D84,1 MW R1-1647s;MW;R1-1647s;16;6.5;6/130;62;84,1;Серебристый;1706797.00;5
Легковые и 4х4;5.0x16 6/180 ET108 D138 MW R1-1646s;MW;R1-1646s;16;5.0;6/180;108;138;Серебристый;1920147.00;2
Легковые и 4х4;5.5x16 6/200 ET110 D142,1 MW R1-1799s;MW;R1-1799s;16;5.5;6/200;110;142,1;Серебристый;2465373.00;6
Легковые и 4х4;5.5x16 6/205 ET117 D161 MW R1-1674s;MW;R1-1674s;16;5.5;6/205;117;161;Серебристый;2417962.00;15
Легковые и 4х4;5.5x16 6/205 ET117 D161 MW R1-1859s;MW;R1-1859s;16;5.5;6/205;117;161;Серебристый;2512784.00;7
Легковые и 4х4;5.0x16 5/139,7 ET58 D98,6 TREBL 2121;TREBL;2121;16;5.0;5/139,7;58;98,6;Серебристый;593340.00;>20
Легковые и 4х4;5.5x16 6/170 ET105 D130,1 TREBL LT2883D;TREBL;LT2883D;16;5.5;6/170;105;130,1;Серебристый;693668.00;20
Легковые и 4х4;6.0x16 4/100 ET45 D54,1 REPLICA SZ15;REPLICA;SZ15;16;6.0;4/100;45;54,1;S;1685625.00;4
Легковые и 4х4;6.0x16 5/112 ET48 D57,1 MW R1-1851;MW;R1-1851;16;6.0;5/112;48;57,1;Черный;1327508.00;8
Легковые и 4х4;6.0x16 5/112 ET50 D57,1 MW R1-1492;MW;R1-1492;16;6.0;5/112;50;57,1;;1232686.00;2
Легковые и 4х4;6.0x16 5/114,3 ET51 D67,1 MW R1-1694c;MW;R1-1694c;16;6.0;5/114,3;51;67,1;Черный;1564563.00;4
Легковые и 4х4;6.0x16 5/114,3 ET54 D67,1 SKAD АКУЛА;SKAD;АКУЛА;16;6.0;5/114,3;54;67,1;Серебристый;1557032.00;4
Легковые и 4х4;6.5x16 4/100 ET45 D67,1 SKAD ВЕРИТАС-16;SKAD;ВЕРИТАС-16;16;6.5;4/100;45;67,1;Алмаз белый;1623055.00;8
Легковые и 4х4;6.5x16 4/108 ET26 D65,1 Yokatta Model-21;Yokatta;Model-21;16;6.5;4/108;26;65,1;белый/черный/белая полоса внутри;1643012.00;8
Легковые и 4х4;6.5x16 4/108 ET31 D65,1 NZ SH658;NZ;SH658;16;6.5;4/108;31;65,1;BKF;1333936.00;>20
Легковые и 4х4;6.5x16 5/114,3 ET40 D66,1 NZ F-33;NZ;F-33;16;6.5;5/114,3;40;66,1;BKF;1333936.00;>20
Легковые и 4х4;6.5x16 5/114,3 ET47 D66,1 NZ F-22;NZ;F-22;16;6.5;5/114,3;47;66,1;BKRSI;1333936.00;>20
Легковые и 4х4;6.5x16 5/114,3 ET47 D66,1 NZ F-29;NZ;F-29;16;6.5;5/114,3;47;66,1;BKF;1333936.00;>20
Легковые и 4х4;6.5x16 5/114,3 ET47 D66,1 NZ F-3;NZ;F-3;16;6.5;5/114,3;47;66,1;BKF;1333936.00;>20
Легковые и 4х4;6.5x16 5/114,3 ET47 D66,1 NZ F-34;NZ;F-34;16;6.5;5/114,3;47;66,1;BKPL;1333936.00;>20
Легковые и 4х4;6.5x16 5/108 ET38 D67,1 SKAD МИЦАР;SKAD;МИЦАР;16;6.5;5/108;38;67,1;Чёрный матовый с проточкой;1557032.00;4
Легковые и 4х4;6.5x16 5/108 ET50 D63,3 YST X-22;YST;X-22;16;6.5;5/108;50;63,3;BKF;1159710.00;3
Легковые и 4х4;6.5x16 5/108 ET50 D63,3 SKAD ВЕНЕЦИЯ;SKAD;ВЕНЕЦИЯ;16;6.5;5/108;50;63,3;Серебристый;1623055.00;8
Легковые и 4х4;6.5x16 5/110 ET37 D65,1 TREBL 9045;TREBL;9045;16;6.5;5/110;37;65,1;Серебристый;711469.00;1
Легковые и 4х4;6.5x16 5/112 ET33 D57,1 ALCASTA M33;ALCASTA;M33;16;6.5;5/112;33;57,1;BKF;1239541.00;>20
Легковые и 4х4;6.5x16 5/112 ET33 D57,1 Yokatta Model-5;Yokatta;Model-5;16;6.5;5/112;33;57,1;Черный с полировкой;1446132.00;3
Легковые и 4х4;6.5x16 5/112 ET50 D57,1 ALCASTA M33;ALCASTA;M33;16;6.5;5/112;50;57,1;BKF;1239541.00;20
Легковые и 4х4;6.5x16 5/100 ET42 D57,1 MW R1-1345c;MW;R1-1345c;16;6.5;5/100;42;57,1;Черный;1765681.00;4
Легковые и 4х4;6.5x16 5/112 ET50 D57,1 NZ SH651;NZ;SH651;16;6.5;5/112;50;57,1;MBRS;1333936.00;16
Легковые и 4х4;6.5x16 5/120 ET51 D65,1 ARRIVO LT016;ARRIVO;LT016;16;6.5;5/120;51;65,1;Silver;959053.00;20
Легковые и 4х4;6.5x16 5/114,3 ET38 D67,1 MW R1-1880c;MW;R1-1880c;16;6.5;5/114,3;38;67,1;Черный;1730502.00;8
Легковые и 4х4;6.5x16 5/114,3 ET39 D60,1 ALCASTA M23;ALCASTA;M23;16;6.5;5/114,3;39;60,1;BKRSI;1239541.00;20
Легковые и 4х4;6.5x16 5/114,3 ET39 D60,1 ALCASTA M24;ALCASTA;M24;16;6.5;5/114,3;39;60,1;BK;1239541.00;16
Легковые и 4х4;6.5x16 5/114,3 ET45 D54,1 TREBL X40026;TREBL;X40026;16;6.5;5/114,3;45;54,1;Серебристый;740056.00;8
Легковые и 4х4;6.5x16 5/114,3 ET45 D60,1 MW R1-1667;MW;R1-1667;16;6.5;5/114,3;45;60,1;Черный;2086084.00;4
Легковые и 4х4;6.5x16 5/114,3 ET45 D67,1 SKAD SAKURA;SKAD;SAKURA;16;6.5;5/114,3;45;67,1;Чёрный матовый с проточкой;1617553.00;8
Легковые и 4х4;6.5x16 5/114,3 ET45 D67,1 SKAD ВЕРИТАС-16;SKAD;ВЕРИТАС-16;16;6.5;5/114,3;45;67,1;Серебристый;1557032.00;4
Легковые и 4х4;6.5x16 5/114,3 ET45 D67,1 SKAD ТУРИН;SKAD;ТУРИН;16;6.5;5/114,3;45;67,1;Чёрный матовый с проточкой;1617553.00;4
Легковые и 4х4;6.5x16 5/114,3 ET47 D66,1 Yokatta Model-29;Yokatta;Model-29;16;6.5;5/114,3;47;66,1;Черный с полировкой;1514096.00;8
Легковые и 4х4;6.5x16 5/114,3 ET47 D66,1 Yokatta Model-5;Yokatta;Model-5;16;6.5;5/114,3;47;66,1;Черный с полировкой;1472023.00;1
Легковые и 4х4;6.5x16 5/114,3 ET47 D66,1 REPLICA RN69;REPLICA;RN69;16;6.5;5/114,3;47;66,1;S;1686164.00;16
Легковые и 4х4;6.5x16 5/115 ET41 D70,1 X-RACE AF-01;X-RACE;AF-01;16;6.5;5/115;41;70,1;Черный мат/полированный/красная полоса по ободу;1397586.00;4
Легковые и 4х4;6.5x16 5/115 ET41 D70,1 ALCASTA M34;ALCASTA;M34;16;6.5;5/115;41;70,1;MBWSI;1239541.00;20
Легковые и 4х4;6.5x16 5/120 ET51 D65,1 TREBL 9685;TREBL;9685;16;6.5;5/120;51;65,1;Серебристый;1083655.00;10
Легковые и 4х4;6.5x16 5/130 ET66 D89,1 TREBL 9495;TREBL;9495;16;6.5;5/130;66;89,1;Серебристый;1078800.00;>20
Легковые и 4х4;6.5x16 5/139,7 ET40 D108,6 TREBL UAZ PATRIOT;TREBL;UAZ PATRIOT;16;6.5;5/139,7;40;108,6;Серебристый;647280.00;12
Легковые и 4х4;6.5x16 6/139,7 ET46 D92,5 MW R1-1709;MW;R1-1709;16;6.5;6/139,7;46;92,5;Черный;1943852.00;4
Легковые и 4х4;6.5x16 5/114,3 ET47 D66,1 MW R1-1732c;MW;R1-1732c;16;6.5;5/114,3;47;66,1;Черный;1517152.00;12
Легковые и 4х4;7.0x16 4/108 ET29 D65,1 MW R1-1769c;MW;R1-1769c;16;7.0;4/108;29;65,1;Черный;1517152.00;8
Легковые и 4х4;7.0x16 5/110 ET38 D65,1 Alutec SHARK racing-schwarz;Alutec;SHARK racing-schwarz;16;7.0;5/110;38;65,1;Черный;2807049.00;4
Легковые и 4х4;7.0x16 5/112 ET33 D66,6 REPLICA MB71;REPLICA;MB71;16;7.0;5/112;33;66,6;GMF;1818856.00;>20
Легковые и 4х4;7.0x16 5/112 ET38 D66,6 REPLICA MB117;REPLICA;MB117;16;7.0;5/112;38;66,6;Серебристый полированный;1914331.00;4
Легковые и 4х4;7.0x16 5/112 ET38 D66,6 REPLICA MB72;REPLICA;MB72;16;7.0;5/112;38;66,6;GMF;1818856.00;>20
Легковые и 4х4;7.0x16 5/112 ET38 D70,1 Alutec BURNSIDE diamant-schwarz;Alutec;BURNSIDE diamant-schwarz;16;7.0;5/112;38;70,1;Черный;3202940.00;8
Легковые и 4х4;7.0x16 5/98 ET30 D58,1 MW R1-1470c;MW;R1-1470c;16;7.0;5/98;30;58,1;Черный;1659386.00;4
Легковые и 4х4;7.0x16 5/112 ET42 D57,1 MW R1-1565c;MW;R1-1565c;16;7.0;5/112;42;57,1;Черный;1698736.00;8
Легковые и 4х4;7.0x16 5/112 ET42 D57,1 REPLICA VW118;REPLICA;VW118;16;7.0;5/112;42;57,1;S;1818856.00;>20
Легковые и 4х4;7.0x16 5/112 ET48 D57,1 REPLICA A86;REPLICA;A86;16;7.0;5/112;48;57,1;Серебристый;1899228.00;4
Легковые и 4х4;7.0x16 5/112 ET48 D70,1 Alutec BURNSIDE diamant-schwarz;Alutec;BURNSIDE diamant-schwarz;16;7.0;5/112;48;70,1;Черный;3202940.00;4
Легковые и 4х4;7.0x16 5/112 ET48 D70,1 Alutec BURNSIDE polar-silber;Alutec;BURNSIDE polar-silber;16;7.0;5/112;48;70,1;Серебристый;2362417.00;4
Легковые и 4х4;7.0x16 5/114,3 ET38 D70,1 Alutec BURNSIDE diamant-schwarz;Alutec;BURNSIDE diamant-schwarz;16;7.0;5/114,3;38;70,1;Черный;3202940.00;4
Легковые и 4х4;7.0x16 5/114,3 ET45 D67,1 SKAD АВЕНЮ;SKAD;АВЕНЮ;16;7.0;5/114,3;45;67,1;Чёрный матовый с проточкой;1628556.00;8
Легковые и 4х4;7.0x16 5/114,3 ET45 D67,1 SKAD АВЕНЮ;SKAD;АВЕНЮ;16;7.0;5/114,3;45;67,1;Серебристый;1557032.00;4
Легковые и 4х4;7.0x16 5/114,3 ET47 D66,1 REPLICA RN13;REPLICA;RN13;16;7.0;5/114,3;47;66,1;Темно серый насыщенный;1856614.00;4
Легковые и 4х4;7.0x16 6/139,7 ET38 D67,1 REPLICA MI73;REPLICA;MI73;16;7.0;6/139,7;38;67,1;S;1988836.00;8
Легковые и 4х4;7.5x16 5/112 ET45 D57,1 REPLICA VW109;REPLICA;VW109;16;7.5;5/112;45;57,1;Чёрный матовый полированный;1929434.00;4
Легковые и 4х4;7.5x16 5/112 ET45 D66,6 REPLICA Concept-MB508;REPLICA;Concept-MB508;16;7.5;5/112;45;66,6;Черный с полировкой;1924040.00;4
Легковые и 4х4;7.5x16 5/112 ET45 D66,6 REPLICA VW104;REPLICA;VW104;16;7.5;5/112;45;66,6;W;1832881.00;20
Легковые и 4х4;7.5x16 5/120 ET37 D72,5 Alutec BLIZZARD polar-silber;Alutec;BLIZZARD polar-silber;16;7.5;5/120;37;72,5;Серебристый;2238079.00;4
Легковые и 4х4;7.0x17 4/100 ET38 D63,3 Anzio DRAG polar-silber;Anzio;DRAG polar-silber;17;7.0;4/100;38;63,3;Серебристый;2803758.00;4
Легковые и 4х4;7.5x17 5/100 ET35 D63,3 Alutec ECSTASY diamant-schwarz;Alutec;ECSTASY diamant-schwarz;17;7.5;5/100;35;63,3;Черный;3253048.00;8
Легковые и 4х4;7.0x17 5/100 ET38 D63,3 Alutec POISON polar-silber;Alutec;POISON polar-silber;17;7.0;5/100;38;63,3;Серебристый;2785165.00;4
Легковые и 4х4;8.0x17 5/100 ET35 D63,3 Alutec TOXIC sterling-silber;Alutec;TOXIC sterling-silber;17;8.0;5/100;35;63,3;Серебристый;2982067.00;8
Легковые и 4х4;7.5x17 5/100 ET35 D63,3 Anzio TURN polar-silber;Anzio;TURN polar-silber;17;7.5;5/100;35;63,3;Серебристый;2658735.00;8
Легковые и 4х4;8.0x17 5/105 ET35 D56,6 Alutec TOXIC sterling-silber;Alutec;TOXIC sterling-silber;17;8.0;5/105;35;56,6;Серебристый;2982067.00;4
Легковые и 4х4;7.5x17 5/105 ET38 D56,6 Anzio WAVE polar-silber;Anzio;WAVE polar-silber;17;7.5;5/105;38;56,6;Серебристый;2658735.00;12
Легковые и 4х4;7.5x17 5/108 ET28 D70,1 Alutec GRIP graphit;Alutec;GRIP graphit;17;7.5;5/108;28;70,1;Графитовый;2725483.00;4
Легковые и 4х4;7.5x17 5/108 ET50 D70,1 Anzio TURN polar-silber;Anzio;TURN polar-silber;17;7.5;5/108;50;70,1;Серебристый;2658735.00;4
Легковые и 4х4;7.5x17 5/108 ET46 D70,1 Anzio VISION matt-graphit;Anzio;VISION matt-graphit;17;7.5;5/108;46;70,1;Графитовый;2948780.00;4
Легковые и 4х4;7.0x17 5/110 ET38 D65,1 Alutec POISON polar-silber;Alutec;POISON polar-silber;17;7.0;5/110;38;65,1;Серебристый;2785165.00;8
Легковые и 4х4;7.5x17 5/110 ET35 D65,1 Anzio TURN polar-silber;Anzio;TURN polar-silber;17;7.5;5/110;35;65,1;Серебристый;2658735.00;8
Легковые и 4х4;7.5x17 5/110 ET35 D65,1 Anzio VISION polar-silber;Anzio;VISION polar-silber;17;7.5;5/110;35;65,1;Серебристый;2827928.00;4
Легковые и 4х4;7.5x17 5/112 ET35 D70,1 Alutec ECSTASY diamant-schwarz;Alutec;ECSTASY diamant-schwarz;17;7.5;5/112;35;70,1;Черный;3253048.00;3
Легковые и 4х4;7.5x17 5/112 ET35 D70,1 Alutec GRIP graphit;Alutec;GRIP graphit;17;7.5;5/112;35;70,1;Графитовый;2725483.00;4
Легковые и 4х4;7.5x17 5/112 ET35 D70,1 Alutec GRIP polar-silber;Alutec;GRIP polar-silber;17;7.5;5/112;35;70,1;Серебристый;2725483.00;8
Легковые и 4х4;7.0x17 5/112 ET38 D73,2 Protech P0415;Protech;P0415;17;7.0;5/112;38;73,2;flash-silver;1278487.00;12
Легковые и 4х4;7.5x17 5/112 ET38 D73,2 Protech P1336;Protech;P1336;17;7.5;5/112;38;73,2;flash-silver;1809847.00;>20
Легковые и 4х4;7.0x17 5/112 ET38 D70,1 Alutec POISON diamant-schwarz;Alutec;POISON diamant-schwarz;17;7.0;5/112;38;70,1;Черный;3370546.00;8
Легковые и 4х4;7.0x17 5/112 ET48 D70,1 Alutec POISON diamant-schwarz;Alutec;POISON diamant-schwarz;17;7.0;5/112;48;70,1;Черный;3370546.00;4
Легковые и 4х4;7.0x17 5/112 ET38 D70,1 Alutec POISON polar-silber;Alutec;POISON polar-silber;17;7.0;5/112;38;70,1;Серебристый;2785165.00;8
Легковые и 4х4;7.5x17 5/112 ET42 D70,1 Anzio TURN polar-silber;Anzio;TURN polar-silber;17;7.5;5/112;42;70,1;Серебристый;2658735.00;8
Легковые и 4х4;7.5x17 5/112 ET35 D70,1 Anzio TURN schwarz;Anzio;TURN schwarz;17;7.5;5/112;35;70,1;Черный;2803758.00;11
Легковые и 4х4;7.5x17 5/112 ET35 D70,1 Anzio VISION matt-graphit;Anzio;VISION matt-graphit;17;7.5;5/112;35;70,1;Графитовый;2359024.00;>20
Легковые и 4х4;7.5x17 5/112 ET35 D70,1 Anzio VISION polar-silber;Anzio;VISION polar-silber;17;7.5;5/112;35;70,1;Серебристый;2827928.00;4
Легковые и 4х4;7.5x17 5/112 ET35 D70,1 Alutec XPLOSIVE matt-graphit;Alutec;XPLOSIVE matt-graphit;17;7.5;5/112;35;70,1;Графитовый;4110606.00;8
Легковые и 4х4;7.5x17 5/112 ET47 D70,1 Alutec XPLOSIVE matt-graphit;Alutec;XPLOSIVE matt-graphit;17;7.5;5/112;47;70,1;Графитовый;4110606.00;4
Легковые и 4х4;7.5x17 5/114,3 ET35 D70,1 Alutec BLIZZARD polar-silber;Alutec;BLIZZARD polar-silber;17;7.5;5/114,3;35;70,1;Серебристый;2760297.00;2
Легковые и 4х4;7.5x17 5/115 ET35 D70,2 Alutec Grip polar-silber;Alutec;Grip polar-silber;17;7.5;5/115;35;70,2;Серебристый;2725483.00;4
Легковые и 4х4;7.0x17 5/114,3 ET38 D73,2 Protech P1228;Protech;P1228;17;7.0;5/114,3;38;73,2;flash-silver;1809847.00;3
Легковые и 4х4;7.5x17 5/114,3 ET47 D70,1 Alutec SHARK racing-schwarz;Alutec;SHARK racing-schwarz;17;7.5;5/114,3;47;70,1;Черный;2976147.00;3
Легковые и 4х4;8.0x17 5/120 ET34 D72,6 Alutec E polar-silber;Alutec;E polar-silber;17;8.0;5/120;34;72,6;Серебристый;2854795.00;8
Легковые и 4х4;8.0x17 5/120 ET43 D72,6 Alutec E polar-silber;Alutec;E polar-silber;17;8.0;5/120;43;72,6;Серебристый;2854795.00;7
Легковые и 4х4;7.5x17 5/120 ET36 D72,6 Alutec GRIP graphit;Alutec;GRIP graphit;17;7.5;5/120;36;72,6;Графитовый;2725483.00;4
Легковые и 4х4;7.5x17 5/120 ET55 D65,1 Alutec GRIP graphit;Alutec;GRIP graphit;17;7.5;5/120;55;65,1;Графитовый;2725483.00;3
Легковые и 4х4;7.5x17 5/120 ET35 D72,6 Anzio TURN schwarz;Anzio;TURN schwarz;17;7.5;5/120;35;72,6;Черный;2803758.00;4
Легковые и 4х4;8.0x17 5/120 ET35 D72,6 Alutec V polar-silber;Alutec;V polar-silber;17;8.0;5/120;35;72,6;Серебристый;2849821.00;6
Легковые и 4х4;7.5x17 5/120 ET35 D76,1 Anzio VISION matt-graphit;Anzio;VISION matt-graphit;17;7.5;5/120;35;76,1;Графитовый;2948780.00;4
Легковые и 4х4;7.5x17 5/120 ET38 D72,6 Anzio WAVE polar-silber;Anzio;WAVE polar-silber;17;7.5;5/120;38;72,6;Серебристый;2658735.00;8
Легковые и 4х4;6.5x17 5/114,3 ET38 D67,1 SKAD ДРАЙВ;SKAD;ДРАЙВ;17;6.5;5/114,3;38;67,1;Алмаз белый;1969672.00;8
Легковые и 4х4;6.5x17 5/114,3 ET45 D67,1 SKAD ДРАЙВ;SKAD;ДРАЙВ;17;6.5;5/114,3;45;67,1;Алмаз-матовый;1969672.00;3
Легковые и 4х4;7.0x17 5/120 ET41 D67,1 MW R1-1716c;MW;R1-1716c;17;7.0;5/120;41;67,1;Черный;1422331.00;7
Легковые и 4х4;7.0x17 5/110 ET38 D65,1 Alutec POISON racing-schwarz;Alutec;POISON racing-schwarz;17;7.0;5/110;38;65,1;Черный;2984106.00;5
Легковые и 4х4;7.0x17 5/112 ET43 D57,1 Yokatta Model-21;Yokatta;Model-21;17;7.0;5/112;43;57,1;белый/черный/белая полоса внутри;1943997.00;16
Легковые и 4х4;7.0x17 5/112 ET43 D66,6 Yokatta Model-21;Yokatta;Model-21;17;7.0;5/112;43;66,6;белый/черный/белая полоса внутри;1943997.00;12
Легковые и 4х4;7.0x17 5/112 ET49 D57,1 REPLICA Concept-VW526;REPLICA;Concept-VW526;17;7.0;5/112;49;57,1;Темно серый полированный;2201830.00;4
Легковые и 4х4;7.0x17 5/114,3 ET40 D66,1 ALCASTA M33;ALCASTA;M33;17;7.0;5/114,3;40;66,1;BKF;1504153.00;4
Легковые и 4х4;7.0x17 5/114,3 ET45 D60,1 X-RACE AF-01;X-RACE;AF-01;17;7.0;5/114,3;45;60,1;Черный мат/полированный/красная полоса по ободу;1694794.00;2
Легковые и 4х4;7.0x17 5/115 ET45 D70,3 NZ F-3;NZ;F-3;17;7.0;5/115;45;70,3;BKF;1333936.00;20
Легковые и 4х4;7.0x17 5/120 ET55 D65,1 MW R1-1614s;MW;R1-1614s;17;7.0;5/120;55;65,1;Серебристый;2323140.00;7
Легковые и 4х4;7.0x17 4/108 ET25 D65,1 Alutec SHARK racing-schwarz;Alutec;SHARK racing-schwarz;17;7.0;4/108;25;65,1;Черный;3162157.00;4
Легковые и 4х4;7.5x17 5/112 ET47 D70,1 Alutec ECSTASY diamant-schwarz;Alutec;ECSTASY diamant-schwarz;17;7.5;5/112;47;70,1;Черный;3253048.00;7
Легковые и 4х4;7.5x17 5/130 ET55 D71,5 Alutec GRIP graphit;Alutec;GRIP graphit;17;7.5;5/130;55;71,5;Графитовый;2725483.00;2
Легковые и 4х4;8.0x17 5/114,3 ET35 D70,1 Alutec TOXIC sterling-silber;Alutec;TOXIC sterling-silber;17;8.0;5/114,3;35;70,1;Серебристый;3508314.00;1
Легковые и 4х4;8.0x17 5/105 ET40 D56,6 Alutec BLACK SUN racing schwartz;Alutec;BLACK SUN racing schwartz;17;8.0;5/105;40;56,6;Черный;3398896.00;4
Легковые и 4х4;8.0x17 5/112 ET35 D70,1 Alutec BLACK SUN racing schwartz;Alutec;BLACK SUN racing schwartz;17;8.0;5/112;35;70,1;Черный;3398896.00;4
Легковые и 4х4;8.0x17 5/112 ET40 D70,1 Alutec BLACK SUN racing schwartz;Alutec;BLACK SUN racing schwartz;17;8.0;5/112;40;70,1;Черный;3398896.00;3
Легковые и 4х4;8.0x17 5/120 ET35 D72,6 Alutec BLACK SUN racing schwartz;Alutec;BLACK SUN racing schwartz;17;8.0;5/120;35;72,6;Черный;3398896.00;4
Легковые и 4х4;8.0x18 5/108 ET45 D70,1 Alutec GRIP graphit;Alutec;GRIP graphit;18;8.0;5/108;45;70,1;Графитовый;3222834.00;4
Легковые и 4х4;8.0x18 5/108 ET45 D70,1 Alutec GRIP polar-silber;Alutec;GRIP polar-silber;18;8.0;5/108;45;70,1;Серебристый;3222834.00;8
Легковые и 4х4;8.0x18 5/108 ET45 D70,1 Alutec SHARK sterling-silber;Alutec;SHARK sterling-silber;18;8.0;5/108;45;70,1;Серебристый;3795434.00;4
Легковые и 4х4;8.0x18 5/108 ET48 D70,1 Anzio TURN polar-silber;Anzio;TURN polar-silber;18;8.0;5/108;48;70,1;Серебристый;3142142.00;8
Легковые и 4х4;8.0x18 5/108 ET42 D70,1 Anzio VISION polar-silber;Anzio;VISION polar-silber;18;8.0;5/108;42;70,1;Серебристый;2794089.00;4
Легковые и 4х4;8.0x18 5/112 ET40 D70,1 Alutec GRIP graphit;Alutec;GRIP graphit;18;8.0;5/112;40;70,1;Графитовый;3222834.00;4
Легковые и 4х4;8.0x18 5/112 ET45 D70,1 Alutec POISON polar-silber;Alutec;POISON polar-silber;18;8.0;5/112;45;70,1;Серебристый;3222834.00;8
Легковые и 4х4;8.0x18 5/112 ET45 D70,1 Alutec SHARK sterling-silber;Alutec;SHARK sterling-silber;18;8.0;5/112;45;70,1;Серебристый;3795434.00;4
Легковые и 4х4;8.5x18 5/112 ET45 D70,1 Alutec TOXIC sterling-silber;Alutec;TOXIC sterling-silber;18;8.5;5/112;45;70,1;Серебристый;3825450.00;4
Легковые и 4х4;8.0x18 5/112 ET48 D70,1 Anzio TURN polar-silber;Anzio;TURN polar-silber;18;8.0;5/112;48;70,1;Серебристый;3142142.00;8
Легковые и 4х4;8.0x18 5/112 ET40 D70,1 Anzio TURN schwarz;Anzio;TURN schwarz;18;8.0;5/112;40;70,1;Черный;3383846.00;4
Легковые и 4х4;8.0x18 5/112 ET35 D70,1 Alutec XPLOSIVE matt-graphit;Alutec;XPLOSIVE matt-graphit;18;8.0;5/112;35;70,1;Графитовый;4216915.00;8
Легковые и 4х4;8.0x18 5/112 ET45 D70,1 Alutec XPLOSIVE matt-graphit;Alutec;XPLOSIVE matt-graphit;18;8.0;5/112;45;70,1;Графитовый;4216915.00;4
Легковые и 4х4;8.0x18 5/114,3 ET35 D70,1 Alutec GRIP graphit;Alutec;GRIP graphit;18;8.0;5/114,3;35;70,1;Графитовый;3580927.00;4
Легковые и 4х4;8.0x18 5/114,3 ET45 D70,1 Alutec POISON diamant-schwarz;Alutec;POISON diamant-schwarz;18;8.0;5/114,3;45;70,1;Черный;3931560.00;4
Легковые и 4х4;8.0x18 5/114,3 ET48 D70,1 Anzio TURN polar-silber;Anzio;TURN polar-silber;18;8.0;5/114,3;48;70,1;Серебристый;2513714.00;3
Легковые и 4х4;8.0x18 5/114,3 ET45 D70,1 Alutec XPLOSIVE matt-graphit;Alutec;XPLOSIVE matt-graphit;18;8.0;5/114,3;45;70,1;Графитовый;4216915.00;4
Легковые и 4х4;8.5x18 5/120 ET51 D65,1 Alutec DYNAMITE polar-silber;Alutec;DYNAMITE polar-silber;18;8.5;5/120;51;65,1;Серебристый;3715212.00;4
Легковые и 4х4;8.5x18 5/120 ET45 D76,1 Alutec E polar-silber;Alutec;E polar-silber;18;8.5;5/120;45;76,1;Серебристый;3312357.00;3
Легковые и 4х4;8.5x18 5/120 ET14 D76,1 Alutec E polar-silber;Alutec;E polar-silber;18;8.5;5/120;14;76,1;Серебристый;3312357.00;4
Легковые и 4х4;8.0x18 5/120 ET35 D72,6 Alutec POISON CUP diamant-shwarz;Alutec;POISON CUP diamant-shwarz;18;8.0;5/120;35;72,6;Черный;4216915.00;4
Легковые и 4х4;8.0x18 5/120 ET33 D76,2 Anzio RACER racing-schwarz;Anzio;RACER racing-schwarz;18;8.0;5/120;33;76,2;Черный;3530800.00;4
Легковые и 4х4;8.0x18 5/120 ET42 D76,2 Anzio RACER racing-schwarz;Anzio;RACER racing-schwarz;18;8.0;5/120;42;76,2;Черный;3530800.00;8
Легковые и 4х4;8.5x18 5/120 ET35 D72,6 Alutec V polar-silber;Alutec;V polar-silber;18;8.5;5/120;35;72,6;Серебристый;3600820.00;8
Легковые и 4х4;8.5x18 5/120 ET14 D76,2 Alutec V polar-silber;Alutec;V polar-silber;18;8.5;5/120;14;76,2;Серебристый;3600820.00;4
Легковые и 4х4;8.5x18 5/127 ET35 D71,6 Alutec DYNAMITE diamant-schwarz;Alutec;DYNAMITE diamant-schwarz;18;8.5;5/127;35;71,6;Черный;4834251.00;4
Легковые и 4х4;8.5x18 5/130 ET51 D71,58 Alutec DYNAMITE diamant-schwarz;Alutec;DYNAMITE diamant-schwarz;18;8.5;5/130;51;71,58;Черный;4350826.00;4
Легковые и 4х4;8.5x18 5/150 ET52 D110,1 Alutec DYNAMITE diamant-schwarz;Alutec;DYNAMITE diamant-schwarz;18;8.5;5/150;52;110,1;Черный;4350826.00;8
Легковые и 4х4;8.5x18 6/114,3 ET20 D66,1 Alutec DYNAMITE polar-silber;Alutec;DYNAMITE polar-silber;18;8.5;6/114,3;20;66,1;Серебристый;4128013.00;4
Легковые и 4х4;8.5x18 6/139,7 ET40 D67,1 Alutec DYNAMITE diamant-schwarz;Alutec;DYNAMITE diamant-schwarz;18;8.5;6/139,7;40;67,1;Черный;4350826.00;4
Легковые и 4х4;8.5x18 6/139,7 ET40 D67,1 Alutec DYNAMITE polar-silber;Alutec;DYNAMITE polar-silber;18;8.5;6/139,7;40;67,1;Серебристый;3715212.00;4
Легковые и 4х4;8.0x18 5/112 ET34 D70,1 Alutec Raptr racing-schwarz;Alutec;Raptr racing-schwarz;18;8.0;5/112;34;70,1;Черный;3491403.00;4
Легковые и 4х4;8.0x18 5/114,3 ET35 D70,1 Alutec BURNSIDE diamant-schwarz;Alutec;BURNSIDE diamant-schwarz;18;8.0;5/114,3;35;70,1;Черный;4274732.00;8
Легковые и 4х4;8.5x18 5/112 ET40 D70,1 Alutec BLACK SUN racing schwartz;Alutec;BLACK SUN racing schwartz;18;8.5;5/112;40;70,1;Черный;4364254.00;3
Легковые и 4х4;8.5x19 5/120 ET35 D72,6 Alutec POISON CUP diamant-shwarz;Alutec;POISON CUP diamant-shwarz;19;8.5;5/120;35;72,6;Черный;4961175.00;8
Легковые и 4х4;8.5x19 5/112 ET70 D70,0 Alutec POISON CUP metalic silber;Alutec;POISON CUP metalic silber;19;8.5;5/112;70;70,0;Серебристый;4390216.00;5
Легковые и 4х4;8.5x20 5/120 ET35 D72,6 Alutec POISON CUP diamant-shwarz;Alutec;POISON CUP diamant-shwarz;20;8.5;5/120;35;72,6;Черный;6128160.00;4
Легковые и 4х4;5.0x13 4/98 ET29 D60,1 TREBL 42B29C;TREBL;42B29C;13;5.0;4/98;29;60,1;Серебристый;307458.00;>20
Легковые и 4х4;5.0x13 4/98 ET40 D58,6 TREBL 42B40B;TREBL;42B40B;13;5.0;4/98;40;58,6;Серебристый;307458.00;>20
Легковые и 4х4;5.5x13 4/100 ET35 D57,1 TREBL 52A35D;TREBL;52A35D;13;5.5;4/100;35;57,1;Silver;407682.00;8
Легковые и 4х4;5.5x15 4/100 ET45 D60,1 TREBL 6775;TREBL;6775;15;5.5;4/100;45;60,1;Черный;632716.00;>20
Легковые и 4х4;6.0x15 4/100 ET40 D60,1 TREBL X40915;TREBL;X40915;15;6.0;4/100;40;60,1;Серебристый;614377.00;>20
Легковые и 4х4;6.5x16 5/112 ET42 D57,1 TREBL 8425;TREBL;8425;16;6.5;5/112;42;57,1;Черный;722257.00;4
Легковые и 4х4;6.5x16 5/112 ET50 D57,1 TREBL 9915;TREBL;9915;16;6.5;5/112;50;57,1;Черный;686656.00;20
Легковые и 4х4;6.5x16 5/114,3 ET45 D67,1 TREBL 8756;TREBL;8756;16;6.5;5/114,3;45;67,1;Серебристый;587407.00;>20
